ACCESSION_NUMBER	ID	PERSONSIGNATURE	PERSONTITLE	SIGNATUREDATE
0001670254-18-000100	1	David Waller	CEO & Founder	2018-03-28
0001669191-18-000176	3	Wallace Santos	Principal Accounting Officer	2018-03-16
0001669191-18-000176	2	Wallace Santos	Principal Financial Officer	2018-03-16
0001669191-18-000176	1	Wallace Santos	Principal Executive Officer	2018-03-16
0001665160-18-000255	3	Suit Khown Chan	Principal Financial Officer and Principle Accounting Officer	2018-03-29
0001704090-18-000003	1	Lori Daugherty	CEO	2018-03-29
0001665160-18-000255	2	Robert Kent	CMO, Vice Chairman and Director	2018-03-29
0001665160-18-000255	1	Esmond Goei	CEO, Principal Executive Officer and Director	2018-03-29
0001665160-18-000258	1	Okan Erol	CEO, Principal Executive Officer and Director, Principal Financial Officer and Principal Accounting Officer	2018-03-29
0001734621-18-000002	1	Rahul Sharma	CEO and Director	2018-03-29
0001710332-18-000002	1	Bryce Fisher	CEO, Principal Executive Officer, Principal Accounting Officer, Principal Financial Officer, and Director	2018-03-29
0001710332-18-000002	2	Henry Deutsch	Director	2018-03-29
0001728855-18-000003	1	Satya Ridhima Parvathaneni	Chief Executive Officer	2018-03-29
0001665160-18-000251	1	Peter F Travers	CEO and Managing Member, Principal Financial Officer and Principal Accounting Officer	2018-03-29
0001724714-18-000004	2	Arup Bhattacharya	CTO and Director	2018-03-28
0001724714-18-000004	1	John Wu	CEO and Director	2018-03-28
0001724637-18-000001	1	Rassul Zarinfar	President/CEO of sole member	2018-03-28
0001670254-18-000099	3	Helene Servillon	Director	2018-03-14
0001670254-18-000099	1	Jason A. Hobson	Co-Founder	2018-03-14
0001670254-18-000099	2	David Nikzad	Founder	2018-03-14
0001665160-18-000249	1	Chris Anthony	Principal Executive Officer and Director, Principal Financial Officer	2018-03-28
0001665160-18-000249	2	Steve Fambro	Principal Executive Officer and Director, Principal Accounting Officer	2018-03-28
0001723487-18-000001	1	/s/ Charles Feltman	President	2018-03-28
0001735522-18-000001	1	Byron Stepner	CEO	2018-03-27
0001710013-18-000001	1	Mike Smock	President	2018-03-27
0001669191-18-000173	1	Neville Golvala	Principal Executive Officer	2018-02-27
0001669191-18-000173	2	Ronald Buckner	Principal Financial Officer	2018-02-27
0001669191-18-000173	3	Ronald Buckner	Principal Accounting Officer	2018-02-27
0001665160-18-000246	1	Charles S. Cotropia	CEO, Principal Executive Officer and Director, Principal Financial Officer and Principal Accounting Officer	2018-03-27
0001665160-18-000245	1	Carlo Brovero	CEO, Principal Executive Officer and Director, Principal Financial Officer and Principal Accounting Officer	2018-03-27
0001669191-18-000170	1	David Mapley	Principal Executive Officer	2018-02-28
0001669191-18-000170	2	David Mapley	Principal Financial Officer	2018-03-01
0001669191-18-000170	3	David Mapley	Principal Accounting Officer	2018-03-01
0001723949-18-000012	2	Thomas Kearney	CEO	2018-03-26
0001665160-18-000242	1	Dr. Okan Erol	CEO, Principal Executive Officer and Director, Principal Financial Officer and Principal Accounting Officer	2018-03-26
0001665160-18-000244	1	Frank Erik Banks	CEO, Principal Executive Officer and Director, Principal Financial Officer and Principal Accounting Officer	2018-03-26
0001723949-18-000012	1	Robert Dames	President	2018-03-26
0001665160-18-000243	1	George B. Brown	CEO, Principal Executive Officer and Director, Principal Financial Officer and Principal Accounting Officer	2018-03-26
0001669191-18-000167	3	Jacob Clifton	Principal Accounting Officer	2018-03-22
0001669191-18-000167	2	Jacob Clifton	Principal Financial Officer	2018-03-22
0001669191-18-000167	1	Jacob Clifton	Principal Executive Officer	2018-03-22
0001669191-18-000165	1	Clemens Grave	Principal Executive Officer	2018-03-21
0001665160-18-000241	1	Robert J Freedman	CEO, Principal Executive Officer and Manager	2018-03-26
0001665160-18-000241	2	Coan I Knight	Controller	2018-03-26
0001709244-18-000001	1	/Andrew Torba/	CEO	2018-03-20
0001735243-18-000001	1	Laura Nettleton	Manager	2018-03-26
0001665160-18-000240	2	James Betesh	SVP - Operations	2018-03-26
0001665160-18-000240	4	Dan Zifkin	President and CEO	2018-03-26
0001665160-18-000240	3	Jessica Hoyt	VP Program Acquisitions	2018-03-26
0001665160-18-000240	1	Jon Bottorff	CFO	2018-03-26
0001665160-18-000240	5	Tim Larson	SVP - Distribution	2018-03-26
0001665160-18-000239	1	Tim Bradford	CTO/Director	2018-03-26
0001715749-18-000001	1	Andrew Taylor	CEO	2017-09-09
0001715749-18-000001	2	Joshua White	CDO, Secretary	2017-09-09
0001715749-18-000001	3	Daniel Arroyo	CTO, President, Treasurer	2017-09-09
0001670254-18-000097	1	Michael Emoff	Roared member	2018-03-23
0001670254-18-000097	2	James Wood	Director	2018-03-23
0001670254-18-000097	3	Michael Bettua	CEO & Co-founder	2018-03-23
0001670254-18-000095	1	Megharaju Kachu	CEO- President	2018-03-23
0001670254-18-000094	1	Kunal Gupta	Co-Founder & Engineer	2018-03-22
0001669191-18-000162	3	Kevin Murray	Principal Accounting Officer	2018-01-28
0001669191-18-000162	2	Kevin Murray	Principal Financial Officer	2018-01-28
0001669191-18-000162	1	Kevin Murray	Principal Executive Officer	2018-01-28
0001669191-18-000160	3	Kevin Murray	Principal Accounting Officer	2018-01-28
0001669191-18-000160	1	Kevin Murray	Principal Executive Officer	2018-01-28
0001669191-18-000160	2	Kevin Murray	Principal Financial Officer	2018-01-28
0001721104-18-000010	1	/s/Mark H. Lehman	CEO	2018-03-23
0001721104-18-000009	1	/s/Mark H. Lehman	CEO	2018-03-23
0001669191-18-000156	1	Clemens Grave	Principal Executive Officer	2018-03-21
0001670254-18-000092	2	Damon Evans	Founder & CEO	2018-03-21
0001669191-18-000158	3	Jacob Clifton	Principal Accounting Officer	2018-03-22
0001669191-18-000158	2	Jacob Clifton	Principal Financial Officer	2018-03-22
0001669191-18-000158	1	Jacob Clifton	Principal Executive Officer	2018-03-22
0001670254-18-000092	1	John Chipps-Harding	CCT	2018-03-22
0001665160-18-000237	1	John W Whetstone	CEO, Principal Executive Officer and Manager, Principal Financial Officer and Principal Accounting Officer	2018-03-22
0001665160-18-000232	1	William Patridge	President, CEO, Principal Executive Officer and Director, Principal Financial Officer and Principal Accounting Officer	2018-03-21
0001665160-18-000234	1	Steve Vanechanos	Principal Executive Officer and Director	2018-03-21
0001665160-18-000234	2	Steven Relis	Chief Financial Officer and Chief Accounting Officer	2018-03-21
0001665160-18-000228	1	Anup Yogesh Desai	CEO, Principal Executive Officer and Director, Principal Financial Officer and Principal Accounting Officer	2018-03-21
0001665160-18-000226	1	Michael Machat	CEO, Principal Executive Officer and Director, Principal Financial Officer and Principal Accounting Officer	2018-03-21
0001734991-18-000002	1	Zebulon Bartels	Owner	2018-03-21
0001722710-18-000004	1	Michael Jordan	CEO and Chairman	2018-02-20
0001731640-18-000004	1	Jeff Titak	CEO	2018-03-20
0001669191-18-000148	2	Matthew Gira	Principal Financial Officer	2017-09-25
0001669191-18-000148	3	Matthew Gira	Principal Accounting Officer	2017-09-25
0001669191-18-000148	1	Matthew Gira	Principal Executive Officer	2017-09-25
0001665160-18-000224	1	Eric Ralls	CEO, Principal Executive Officer and Director, Principal Financial Officer and Principal Accounting Officer	2018-03-19
0001665160-18-000222	1	Jessica Li	CFO, Director, Principal Financial Officer, Principal Accounting Officer	2018-03-19
0001730062-18-000004	1	Matthew Lipton	Chief Executive Officer	2018-03-05
0001730062-18-000003	1	Matthew Lipton	Chief Executive Officer	2018-03-05
0001726537-18-000003	2	Scot Crow	Manager	2018-03-19
0001726537-18-000003	3	Heather Q Molloy	Manager	2018-03-19
0001726537-18-000003	1	Amy Dannemiller	Manager	2018-03-19
0001723348-18-000003	1	Melissa Horst	Owner	2018-03-19
0001670254-18-000090	2	Anthony Jaccarino	Chief Executive Officer	2018-03-16
0001670254-18-000090	1	SUDHIR MULPURU	Chairman	2018-03-16
0001670254-18-000088	1	Ido Solomon	Co-Founder and COO	2018-03-16
0001670254-18-000088	2	EYAL LEMBERG	CEO	2018-03-16
0001670254-18-000088	3	Roee Keren-Tzur	Business Development	2018-03-16
0001665160-18-000216	1	Kirk Maust	CEO, Principal Executive Officer and Manager, Principal Financial Officer and Principal Accounting Officer	2018-03-16
0001730206-18-000004	1	Timothy Roberts	Owner	2018-03-16
0001716456-18-000001	2	/s/ Howard Carpenter	Board Member	2017-09-06
0001716456-18-000001	1	/s/ Peter Kaufman	CEO /  Principal Financial Officer / Principal Accounting Officer	2017-09-06
0001670254-18-000086	2	William Campbell	Chief Capital Officer	2018-03-15
0001665160-18-000207	1	Mark Lyle	CEO, CTO, Principal Executive Officer and Director, Principal Financial Officer and Principal Accounting Officer	2018-03-15
0001670254-18-000086	4	Ronald Harris	VP of Talent Relations	2018-03-15
0001670254-18-000086	5	Jason Brown	CEO	2018-03-15
0001665160-18-000211	1	Robert J Freedman	CEO, Principal Executive Officer and Manager	2018-03-15
0001665160-18-000211	2	Coan I Knight	Controller	2018-03-15
0001665160-18-000214	1	Mark Hanchett	CEO, Principal Executive Officer and Director, Principal Financial Officer and Principal Accounting Officer	2018-03-15
0001670254-18-000086	1	Kathryn Campbell	Chief Capital officer	2018-03-15
0001665160-18-000207	2	Chris Ladwig	Chief Design Officer and Director	2018-03-15
0001670254-18-000086	3	Donald Harris	VP of Production	2018-03-15
0001722710-18-000003	1	Michael Jordan	CEO and Chairman	2018-02-20
0001669191-18-000144	4	William Donovan	Board Member	2018-01-11
0001669191-18-000144	3	William Donovan	Principal Accounting Officer	2018-02-16
0001669191-18-000144	2	William Donovan	Principal Financial Officer	2018-02-16
0001669191-18-000144	1	William Donovan	Principal Executive Officer	2018-02-16
0001669191-18-000140	3	John Banigan	Principal Accounting Officer	2018-02-27
0001669191-18-000140	2	John Banigan	Principal Financial Officer	2018-02-27
0001669191-18-000140	1	John Banigan	Principal Executive Officer	2018-02-27
0001682510-18-000003	2	Trevor Pettennude	Director	2018-03-14
0001682510-18-000003	1	Robert Imeson	Director	2018-03-14
0001665160-18-000199	1	Rod Smith	CEO, Principal Executive Officer and Director, Principal Financial Officer and Principal Accounting Officer	2018-03-14
0001665160-18-000200	1	Rod Smith	CEO, Principal Executive Officer and Director, Principal Financial Officer and Principal Accounting Officer	2018-03-14
0001670254-18-000083	1	Sheryl Briggs	President	2018-03-11
0001682510-18-000003	3	Pat Imeson	Director	2018-03-14
0001670254-18-000084	1	Jonathon Todd Lacy	Owner, Brewer & Marketing	2018-03-13
0001670254-18-000084	2	Laura Lacy	Owner, Manager, and Operations	2018-03-13
0001665160-18-000198	1	Jonathan Snyder	CEO, Principal Executive Officer and Director, Principal Financial Officer and Principal Accounting Officer	2018-03-14
0001730741-18-000001	2	Daniel Pianetti	Director	2018-03-14
0001730741-18-000001	1	Charles Broskoski	Director	2018-03-14
0001730741-18-000001	3	Christopher Sherron	Director	2018-03-14
0001730100-18-000002	1	/s/Daniele Levi	Director and President	2018-03-13
0001730100-18-000002	2	/s/Adan Sanchez De Pedro Crespo	Director and Vice-President	2018-03-13
0001704091-18-000002	1	Jonathan Tate	Manager	2018-03-13
0001704091-18-000001	1	Jonathan Tate	Manager	2018-03-13
0001729427-18-000001	3	Matthew Lourie	Chief Financial Officer	2018-03-13
0001729427-18-000001	2	Donald H. Picker	Director	2018-03-13
0001729427-18-000001	1	Jerzy (George) Gumulka	Director	2018-03-13
0001729427-18-000001	4	John Climaco	Chief Executive Officer and Director	2018-03-13
0001665160-18-000197	1	John Hussey	CEO, Principal Executive Officer and Director, Principal Financial Officer and Principal Accounting Officer	2018-03-13
0001665160-18-000195	1	John Hussey	CEO, Principal Executive Officer and Director, Principal Financial Officer and Principal Accounting Officer	2018-03-13
0001724862-18-000001	1	Han Hu	Director	2018-03-12
0001665160-18-000193	1	Eskil Nordhaug	CEO, Principal Executive Officer and Manager, Principal Financial Officer and Principal Accounting Officer	2018-03-12
0001727469-18-000004	1	Beth Koigi	Manager	2018-03-12
0001727469-18-000004	3	Anastasia Kaschenko	Manager	2018-03-12
0001727469-18-000004	2	Clare Sewell	Manager	2018-03-12
0001719648-18-000001	1	/s/ Charles Potter	CEO	2017-10-09
0001719648-18-000001	2	/s/ Corinda Joanne Melton	financial officer / accounting officer	2017-10-09
0001665160-18-000191	1	Quincy Acklen	CEO, Principal Executive Officer and Director, Principal Financial Officer and Principal Accounting Officer	2018-03-09
0001665160-18-000188	1	Pez Zarifian	CEO, Principal Executive Officer and Director, Principal Financial Officer and Principal Accounting Officer	2018-03-09
0001665160-18-000185	1	Karlos Walkes	CEO, Principal Executive Officer and Director, Principal Financial Officer and Principal Accounting Officer	2018-03-09
0001682510-18-000002	3	Trevor Pettennude	Director	2018-03-09
0001682510-18-000002	2	Patrick Imeson	Director	2018-03-09
0001682510-18-000002	1	Robert Imeson	CEO, Principal Executive Officer, Principal Accounting Officer, Principal Financial Officer, and Director	2018-03-09
0001682510-18-000002	4	Kim Cunningham	Director	2018-03-09
0001670254-18-000078	1	Cherryl Purcell	Treasurer	2018-03-09
0001670254-18-000078	2	Kirk Owat	SVP Strategic Marketing	2018-03-09
0001670254-18-000078	3	Brandon Middleton	Senior Vice President of People and Culture	2018-03-09
0001670254-18-000078	4	Chadd Johnson	Founder / CEO	2018-03-09
0001670254-18-000077	1	Arti Kapoor	Board Member	2018-03-08
0001670254-18-000077	2	Sajal Sahay	CEO	2018-03-08
0001670254-18-000077	3	Asheesh Barman	Co-Founder, President & COO	2018-03-08
0001665160-18-000182	1	Jonathan Snyder	CEO, Principal Executive Officer and Director, Principal Financial Officer and Principal Accounting Officer	2018-03-09
0001608695-18-000002	1	Brendon Strause	Co-Founder	2018-03-09
0001608695-18-000001	1	Brendon Strause	Co-Founder	2018-03-09
0001733434-18-000001	1	Patrick Davis Jones	CEO	2018-03-09
0001665160-18-000180	1	Joshua W. Sims	Managing Partner	2018-03-09
0001665160-18-000180	2	Jon Graham	CEO and Director, Principal Financial Officer and Principal Accounting Officer	2018-03-09
0001726531-18-000005	1	Easton LaChappelle	CEO	2018-01-16
0001727168-18-000003	1	Michael McCoy	Chief Executive Officer, Chief Financial Officer, Secretary	2018-01-18
0001690165-18-000007	1	Jordan Schwartz	COO and Cofounder	2018-01-18
0001690165-18-000007	2	Daniel Kurzrock	CEO and Cofounder	2018-01-18
0001670254-18-000074	1	Ned Renzi	Partners	2018-03-08
0001670254-18-000074	2	Matt Michaux	CEO	2018-03-08
0001679372-18-000001	1	Ankur Garga	Manager	2018-03-08
0001679372-18-000001	2	Ash Kumra	Manager	2018-03-08
0001732334-18-000002	1	Frances Jones	CEO	2018-03-08
0001665160-18-000179	1	Justin Shelby	CEO, Principal Executive Officer and Manager, Principal Financial Officer and Principal Accounting Officer	2018-03-08
0001729813-18-000004	1	Molly Beane	CEO and Managing Member	2018-03-08
0001731479-18-000001	1	Taron Lizagub	CEO	2018-03-07
0001731479-18-000001	2	Albert Poghosyan	COO	2018-03-07
0001731479-18-000001	3	Aram Avetisyan	CTO	2018-03-07
0001728560-18-000001	1	David Groves	Director	2018-03-07
0001728560-18-000001	2	Matt Borzage	Director	2018-03-07
0001728560-18-000001	3	Fred Zhang	Director	2018-03-07
0001728560-18-000001	4	Richard Koffler	Director	2018-03-07
0001732447-18-000002	1	Michael Hoffman	Director	2018-03-07
0001639718-18-000001	1	Ajay Yadav	Founder & CEO	2018-03-07
0001670254-18-000073	1	Christopher P. Landrigan	founder and board member	2018-03-06
0001670254-18-000073	5	Scott Pitt	Chief Financial Officer	2018-03-05
0001670254-18-000073	4	Nancy D. Spector Md	Co-founder and board member	2018-03-05
0001670254-18-000073	3	william floyd	President and CEO	2018-03-06
0001670254-18-000073	2	Timothy O'Shea	Board Member	2018-03-06
0001705975-18-000001	1	Brian Ching	Manager	2018-03-07
0001705975-18-000001	2	Mohammad Baratizadeh	Partner	2018-03-07
0001665160-18-000177	1	Eric Ralls	CEO	2018-03-07
0001705496-18-000001	1	Lu Yang	Managing Member	2018-03-07
0001598982-18-000001	2	Jennifer Tegan	Director	2018-03-07
0001598982-18-000001	1	Sandra Gault	Director and Chief Executive Officer	2018-03-07
0001598982-18-000001	3	Julian Sanchez	Director and Vice President of Operations	2018-03-07
0001670254-18-000071	1	Pauline S Lipp	Managing Member	2018-03-05
0001670254-18-000071	2	Michael Doyle	Manager	2018-03-05
0001665160-18-000175	1	Barry Shore	Founder, CEO, Managing Member, Director, Principal Financial Officer and Principal Accounting Officer	2018-03-06
0001720822-18-000001	1	Janet WU	CEO	2018-03-06
0001670254-18-000069	1	Andrey Kolodyuk	managing partner	2018-03-05
0001670254-18-000069	2	Ivan Ablamskyi	Founder and CEO	2018-03-05
0001670254-18-000068	1	Albert Dahan	CEO	2018-02-16
0001669753-18-000003	3	Nikita Korablin	Director	2018-03-05
0001669753-18-000003	1	Camellus Ofornedu Ezeugwu Jr.	Director	2018-03-05
0001726073-18-000003	1	Scott Bachman	Manager of Crudefunders	2018-03-05
0001669753-18-000003	2	Felix Addison	Director	2018-03-05
0001730062-18-000001	1	Matthew Lipton	Chief Executive Officer	2018-03-05
0001665160-18-000170	1	Luka Fajs	CEO, Principal Executive Officer and Director, Principal Financial Officer and Principal Accounting Officer	2018-03-05
0001665160-18-000170	2	Robert S. Marks	Director, Secretary	2018-03-05
0001669191-18-000136	3	Ronald Buckner	Principal Accounting Officer	2018-02-27
0001669191-18-000136	1	Neville Golvala	Principal Executive Officer	2018-02-27
0001669191-18-000136	2	Ronald Buckner	Principal Financial Officer	2018-02-27
0001722007-18-000005	1	Naomi Homison	Naomi Homison	2018-03-05
0001670254-18-000061	2	Nathan Mostow	COO	2018-03-01
0001670254-18-000061	3	Daniel Schulof	Co-founder and CEO	2018-03-01
0001665160-18-000149	1	Ryan Oliges	CEO, Principal Executive Officer and Director, Principal Financial Officer and Principal Accounting Officer	2018-03-02
0001665160-18-000147	1	Aleksey Feldman	CEO, Principal Executive Officer and Director, Principal Financial Officer and Principal Accounting Officer	2018-03-02
0001670254-18-000067	2	James Schmachtenberger	President	2018-02-23
0001670254-18-000067	3	Jordan Greenhall	CEO	2018-02-23
0001670254-18-000065	1	Sean Fitzhugh	Founder	2018-03-01
0001670254-18-000063	2	Ivan Ablamskyi	Founder and CEO	2018-03-01
0001670254-18-000063	1	Aventures Capital	managing partner	2018-03-02
0001670254-18-000061	1	Michael DAmico	CFO	2018-03-01
0001670254-18-000067	1	Daniel Schmachtenberger	Chief Strategy Officer	2018-02-27
0001712427-18-000001	1	Michael Schieck	President	2018-03-02
0001665160-18-000145	2	Ron Erickson	Director	2018-03-01
0001665160-18-000145	3	David Markowski	Principal Financial Officer, Principal Accounting Officer	2018-03-01
0001665160-18-000145	1	Aaron Itzkowitz	CEO, President, Chairman, Director, Principal Executive Officer	2018-03-01
0001669191-18-000132	2	David Mapley	Principal Financial Officer	2018-03-01
0001669191-18-000132	3	David Mapley	Principal Accounting Officer	2018-03-01
0001669191-18-000132	1	David Mapley	Principal Executive Officer	2018-02-28
0001730100-18-000001	2	/s/Adan Sanchez De Pedro Crespo	Director and Vice-President	2018-03-01
0001730100-18-000001	1	/s/Daniele Levi	Director and President	2018-03-01
0001669191-18-000127	1	Nikolaos Tezapsidis	Principal Executive Officer	2017-12-28
0001669191-18-000127	2	James Harris	Principal Financial Officer	2017-12-29
0001669191-18-000127	3	Nikolaos Tezapsidis	Principal Accounting Officer	2017-12-28
0001669191-18-000125	1	Jen Forman	Principal Executive Officer	2017-10-06
0001669191-18-000125	6	Eric Forman	Board Member	2017-10-06
0001669191-18-000125	3	Jen Forman	Principal Accounting Officer	2017-10-06
0001669191-18-000125	2	Jen Forman	Principal Financial Officer	2017-10-06
0001669191-18-000125	4	Jen Forman	Board Member	2017-10-06
0001669191-18-000125	5	Jon Spencer	Board Member	2017-10-09
0001732797-18-000002	1	John Orekunrin	Founder, CEO & Director	2013-11-19
0001719379-18-000001	1	Ryan Shea	Managing Director	2018-03-01
0001732797-18-000001	1	John Orekunrin	Founder, CEO & Director	2018-03-01
0001731540-18-000001	1	Jonathan Chashper	Director	2018-03-01
0001670254-18-000058	1	Mary Jo Cook	Chairman of Board	2018-02-16
0001669191-18-000116	3	Ronald Buckner	Principal Accounting Officer	2018-02-27
0001669191-18-000116	2	Ronald Buckner	Principal Financial Officer	2018-02-27
0001669191-18-000116	1	Neville Golvala	Principal Executive Officer	2018-02-27
0001670254-18-000060	2	Kevin Strom	CEO	2018-02-28
0001670254-18-000060	1	David Wayne Baxter	CTO	2018-02-28
0001665160-18-000142	3	Bobbi Hull	Vice President, Secretary, and Director	2018-02-28
0001665160-18-000142	2	Karen St. Hilaire	CEO, Principal Executive Officer and Director	2018-02-28
0001665160-18-000142	1	Anthony Diagostino	Treasurer, Principal Financial Officer, Principal Accounting Officer and Director	2018-02-28
0001670254-18-000058	3	Srinivas Artham	Co-founder	2018-02-16
0001670254-18-000059	3	Richard Burton	Chief Executive Officer	2018-02-23
0001670254-18-000059	2	Christian Alexander Baroni	Chief Design Officer	2018-02-23
0001670254-18-000059	1	Benjamin Norman Baron	Chief Technology Officer	2018-02-24
0001669191-18-000123	3	Ronald Buckner	Principal Accounting Officer	2018-02-27
0001669191-18-000123	2	Ronald Buckner	Principal Financial Officer	2018-02-27
0001669191-18-000123	1	Neville Golvala	Principal Executive Officer	2018-02-27
0001665160-18-000144	2	Richard Cuoto	Chief Financial Officer, Principal Accounting Officer	2018-02-28
0001670254-18-000058	2	Hannah Freeman	Co-Founder	2018-02-16
0001665160-18-000144	1	Michael Burtov	Chief Executive Officer and Director	2018-02-28
0001731640-18-000002	1	Jeff Titak	CEO	2018-02-28
0001669191-18-000113	3	John Banigan	Principal Accounting Officer	2018-02-27
0001669191-18-000113	2	John Banigan	Principal Financial Officer	2018-02-27
0001669191-18-000113	1	John Banigan	Principal Executive Officer	2018-02-27
0001684321-18-000002	1	Christy Jepson	Manager	2018-02-28
0001723477-18-000001	1	Isabel Berney	COO	2018-02-28
0001722850-18-000001	1	Matan Gavish	Managing Member	2018-02-28
0001665160-18-000130	1	Joachim Sandgaard	CEO, Director, Principal Executive Officer, Principal Financial Officer, and Principal Accounting Officer	2018-02-27
0001665160-18-000133	1	Dmitry Skorinko	CEO, Principal Executive Officer and Director, Principal Financial Officer and Principal Accounting Officer	2018-02-27
0001724091-18-000001	1	Lam Mai	Partner of the general partner	2018-02-27
0001724091-18-000001	2	Lian Pham	Partner of the general partner	2018-02-27
0001665160-18-000138	1	Kanwar Singh	CEO, Principal Executive Officer	2018-02-27
0001665160-18-000138	2	Stuart Kramer	CFO, Principle Financial Officer, Principle Accounting Officer	2018-02-27
0001665160-18-000138	3	Gabriela Vidal-Corrales	Managing Member, Director	2018-02-27
0001665160-18-000136	1	Rob Howland	CEO	2018-02-27
0001665160-18-000136	2	Timothy Tello	COO, Principal Executive Officer, Director, and Principal Financial Officer	2018-02-27
0001670254-18-000057	7	Tim Coleman	Founder and CEO	2018-02-25
0001670254-18-000057	6	David Williams	Sr. VP of Operations	2018-02-25
0001670254-18-000057	5	James B Farinholt Jr	Director	2018-02-26
0001670254-18-000057	4	Bryan Costantino	Director	2018-02-26
0001670254-18-000057	3	Nicole A Stephenson	Secretary and Director of Operations	2018-02-26
0001665160-18-000136	3	Jeff A. Neumeister	Principal Accounting Officer	2018-02-27
0001670254-18-000057	1	Michael V Seiden	Board of Directors, Nemucore Medical Innovations	2018-02-26
0001670254-18-000057	2	Douglas G. Bailey	Director	2018-02-26
0001725458-18-000003	1	Eric Hsu	Managing Member	2018-02-27
0001670254-18-000056	2	Ladie Malek	Co-Founder and President	2018-02-26
0001670254-18-000056	1	Robin Cooper	Co-founder, CFO, and Secretary	2018-02-26
0001670254-18-000055	2	Sajal Sahay	Co-founder & CEO	2017-09-19
0001670254-18-000055	3	Asheesh Barman	Co-Founder, President & COO	2017-09-19
0001670254-18-000055	1	Arti Kapoor	Director	2017-09-19
0001684321-18-000001	1	Christy Jepson	Manager	2018-02-27
0001726998-18-000001	2	Juan Carlos Xermeno	Member	2018-02-27
0001726998-18-000001	1	Ryan Klonek	President of the general partner of 34 Capital Holdings, LP, a member	2018-02-27
0001727744-18-000001	1	Paul S. Hardersen	Chief Executive Officer	2018-02-27
0001720880-18-000002	1	Melissa Jane Stapley	Founder and CEO	2018-02-26
0001715895-18-000001	1	Oliver Thornton	Maner	2018-02-26
0001721392-18-000004	1	Vijay Sundhar	CEO	2018-02-26
0001715895-18-000001	2	Austen Weinhart	Manager	2018-02-26
0001721392-18-000003	1	Vijay Sundhar	CEO	2018-02-26
0001665160-18-000128	2	Pat Riordan	Vice President, Secretary, Director, and Co-founder	2018-02-26
0001665160-18-000128	1	Mark Baldino	CEO, Principal Executive Officer and Director, Principal Financial Officer and Principal Accounting Officer	2018-02-26
0001654438-18-000003	1	/s/ Dean Matthews	CEO/financial officer/accounting officer	2018-02-12
0001704205-18-000002	1	Kirk Kjellberg	CEO	2018-02-26
0001704205-18-000001	1	Kirk Kjellberg	CEO	2018-02-26
0001665160-18-000126	1	Eric Ralls	Founder, CEO, Treasurer, Secretary, Director, Principal accounting officer, Principal financial officer	2018-02-26
0001670254-18-000054	1	Jason A. Hobson	Founder	2018-02-23
0001731189-18-000002	1	Adrian Washington	"CEO, The Neighborhood Development Company, L.L.C. (""NDC""), Manager of 3451 Benning LLC"	2018-02-23
0001670254-18-000054	3	Helene Servillon	Director	2018-02-23
0001670254-18-000054	2	David Nikzad	Founder	2018-02-23
0001665160-18-000125	1	Brad Rego	CEO, Principal Executive Officer and Manager, Principal Financial Officer and Principal Accounting Officer	2018-02-23
0001690909-18-000001	1	Aristotle Loumis	Director	2018-02-23
0001690909-18-000001	2	Ravi Patel	Director	2018-02-23
0001670254-18-000052	2	David Nikzad	Founder	2018-02-22
0001670254-18-000052	1	Jason A. Hobson	Founder	2018-02-22
0001670254-18-000052	3	Helene Servillon	Director	2018-02-22
0001670254-18-000050	1	Tim St.Martin	CEO	2018-02-21
0001719488-18-000001	1	Nick Apostolopoulos	Sole owner of the sole member of the Issuer	2018-02-22
0001665160-18-000123	1	Jamar Johnson	CEO, Principal Executive Officer and Director, Principal Financial Officer and Principal Accounting Officer	2018-02-22
0001712328-18-000001	1	Robert Head	CEO	2018-02-22
0001669191-18-000109	1	William Donovan	Principal Executive Officer	2018-02-16
0001669191-18-000109	2	William Donovan	Principal Financial Officer	2018-02-16
0001669191-18-000109	3	William Donovan	Principal Accounting Officer	2018-02-16
0001731189-18-000001	1	Adrian Washington	"CEO, The Neighborhood Development Company, L.L.C. (""NDC""), Manager of 3451 Benning LLC"	2018-02-22
0001665160-18-000121	1	Cory Faulkner	CEO, Principal Executive Officer and Director, Principal Financial Officer and Principal Accounting Officer	2018-02-21
0001665160-18-000120	1	Dr. Okan Erol	CEO, Principal Executive Officer and Director, Principal Financial Officer and Principal Accounting Officer	2018-02-21
0001665160-18-000119	1	Paul Wagner	CEO, Principal Executive Officer, Director, Principal Financial Officer, Principal Accounting Officer	2018-02-21
0001690447-18-000003	1	Ron Hupp	Director	2018-02-21
0001690447-18-000003	3	Wei Tao	Director	2018-02-21
0001690447-18-000003	2	Aaron Selverston	Director	2018-02-21
0001725124-18-000004	1	Kate Pentkowski	Director, Co-Founder	2018-02-21
0001665160-18-000117	1	James Winokur	CEO, Principal Executive Officer and Director, Principal Financial Officer and Principal Accounting Officer	2018-02-21
0001665160-18-000117	2	Jeremy Krause	Board Member and Director	2018-02-21
0001665160-18-000117	3	Dave Manly	Board Member and Director	2018-02-21
0001665160-18-000115	1	David Fennema	CEO, Principal Executive Officer, Principal Financial Officer, Principal Accounting Officer, Manager	2018-02-20
0001670254-18-000048	2	David Negron	Director of Operations	2018-02-19
0001670254-18-000048	1	Steve Catanzaro	Director of Curriculum	2018-02-19
0001669191-18-000106	3	William Donovan	Principal Accounting Officer	2018-02-16
0001669191-18-000106	1	William Donovan	Principal Executive Officer	2018-02-16
0001669191-18-000106	2	William Donovan	Principal Financial Officer	2018-02-16
0001730609-18-000001	1	Justine Lassoff	Director	2018-02-19
0001730609-18-000001	2	Katie Bogue Miller	Director	2018-02-19
0001722710-18-000001	1	Michael Jordan	CEO and Chairman	2018-02-20
0001665160-18-000113	1	Jason Riggs	CEO, Principal Executive Officer and Director, Principal Financial Officer and Principal Accounting Officer	2018-02-20
0001670254-18-000046	2	Heidi Baah	Vice President	2018-02-16
0001670254-18-000046	1	Richard Samuel	Adviser	2018-02-16
0001670254-18-000043	3	Brett Jacobson	CEO	2018-02-16
0001670254-18-000043	2	Christopher Whidden	VP / Brand Manager	2018-02-16
0001670254-18-000043	1	Josephine Naehalani Breeland	President/Director of Marketing	2018-02-16
0001670254-18-000044	3	Chris Parker	Co-founder | Producer	2018-02-16
0001670254-18-000046	3	George Baah	Founder & President	2018-02-16
0001670254-18-000044	1	Gregory Parker	Co-founder	2018-02-16
0001670254-18-000044	2	Colleen D. Smith	Co-founder	2018-02-16
0001574738-18-000001	1	Brian Berson	CEO and Director	2018-02-16
0001574738-18-000001	2	Trent Brown	CTO and Director	2018-02-16
0001574738-18-000001	3	Norman Meyrowitz	Director	2018-02-16
0001729314-18-000002	2	Mattia Capulli	CSO	2018-02-16
0001729314-18-000002	1	Andrea Riposati	CEO and Managing Member	2018-02-16
0001670254-18-000042	1	Robert Chung	Director	2018-02-12
0001670254-18-000042	2	Randall Chung	CEO/Co-Founder	2018-02-12
0001670254-18-000040	1	Tigran Mekikian	Board Member	2018-02-15
0001670254-18-000040	2	Gary Mekikian	Co-founder and CEO	2018-02-15
0001728670-18-000006	2	Jordan Crone	CTO	2018-02-15
0001728670-18-000006	1	Ricardo Grant	CEO	2018-02-15
0001731055-18-000001	1	Linda Smith	President	2018-02-15
0001665160-18-000110	1	Jacob Isham	CEO, Managing Member, Principal Financial Officer and Principal Accounting Officer	2018-02-14
0001670254-18-000039	2	Geoffrey Libby	Producer & Director of External Relations	2018-01-09
0001670254-18-000039	3	David Gluck	Producer & General Manager	2018-01-09
0001670254-18-000039	1	Nicholas A Olivero	Managing Partner	2018-01-09
0001669191-18-000103	2	Erik Boyer	Principal Financial Officer	2018-02-12
0001669191-18-000103	1	Erik Boyer	Principal Executive Officer	2018-02-12
0001669191-18-000103	3	Erik Boyer	Principal Accounting Officer	2018-02-12
0001688786-18-000001	1	/David Mayman/	CEO	2018-02-14
0001730727-18-000004	1	/s/ Brian Strumke	CEO /  Principal Financial Officer / Principal Accounting Officer	2018-02-08
0001665160-18-000109	1	Bryan Lorden	CEO, Principal Executive Officer and Director	2018-02-13
0001665160-18-000109	2	Christian Broce	Principal Financial Officer and Principal Accounting Officer	2018-02-13
0001723850-18-000001	1	Kent Hardman	Kent Hardman	2018-02-13
0001719921-18-000001	1	Matt Bitsche	Manager	2018-02-13
0001719921-18-000001	2	Russell Reynolds	Manager	2018-02-13
0001719921-18-000001	3	David Day	Manager	2018-02-13
0001719921-18-000001	4	Jeff McKnight	Manager	2018-02-13
0001723949-18-000010	1	Bob Dames	President	2018-02-13
0001723949-18-000010	2	Thomas Kearney	CEO	2018-02-13
0001665160-18-000108	1	Cristian Arnou	CEO, Principal Executive Officer and Director, Principal Financial Officer and Principal Accounting Officer	2018-02-12
0001670254-18-000038	2	Brett Jacobson	CEO	2018-02-02
0001670254-18-000038	1	J. Naehalani Breeland	President	2018-02-02
0001693877-18-000004	1	Linda Smith	President	2018-02-12
0001725124-18-000003	1	Kate Pentkowski	Director, Co-Founder	2018-02-12
0001730727-18-000003	1	/s/ Brian Strumke	CEO/financial officer/accounting officer	2018-02-08
0001730727-18-000001	1	/s/ Brian Strumke	CEO/financial officer/accounting officer	2018-02-08
0001716298-18-000001	3	Leslie Smith	Chairman of the Board and Chief Operating Officer	2018-02-09
0001716298-18-000001	4	Maria Del Mar Gomez Viela	Director	2018-02-09
0001716298-18-000001	1	Yousef Al-Humaidhi	Director and Chief Financial Officer	2018-02-09
0001670254-18-000032	1	Julie Basu	CEO & Head of R&D	2018-02-09
0001716298-18-000001	2	Emily Levy	Director and Chief Executive Officer	2018-02-09
0001670254-18-000034	1	Sheryl Briggs	President	2018-02-08
0001670254-18-000036	1	Luis Alberto Velzquez	CTO	2018-02-09
0001670254-18-000036	2	William Marsh	Cofounder and CEO	2018-02-09
0001670254-18-000032	2	Rishi Mukhopadhyay	COO and Head of Product	2018-02-08
0001730206-18-000001	1	Timothy Roberts	Owner	2018-02-09
0001670254-18-000031	2	Renie Byrne	CFO	2018-02-05
0001670254-18-000031	3	Randy Ritchie	CEO	2018-02-05
0001670254-18-000031	1	Colum Riley	President	2018-02-06
0001580960-18-000001	1	Frederick Hutson	CEO	2018-02-08
0001728855-18-000001	1	Satya Ridhima Parvathaneni	Chief Executive Officer	2018-02-09
0001665160-18-000107	1	Charles Zwebner	CEO, Principal Executive Officer, Principal Financial Officer and Principal Accounting Officer	2018-02-08
0001719882-18-000002	2	Justin Stewart	Member	2018-02-08
0001719882-18-000002	1	Meade Lewis	Member	2018-02-08
0001665160-18-000106	1	Atara Dzikowski	CEO and Director	2018-02-08
0001665160-18-000106	2	David Dahan	Principal Financial Officer and Principal Accounting Officer	2018-02-08
0001720051-18-000001	2	Jason Liao	Executive Chef & Operations Manager	2018-02-08
0001720051-18-000001	1	Seungwhan Chang	Sole Member	2018-02-08
0001725124-18-000001	1	Kate Pentkowski	Director, Co-Founder	2018-02-08
0001602930-18-000001	1	Andrew Beall	CEO and CTO	2018-02-08
0001602930-18-000001	2	Peter Schlueer	President	2018-02-08
0001602930-18-000001	3	Matthias Pusch	Vice President of Sales and Marketing	2018-02-08
0001602930-18-000001	4	Phil Schlageter	Chief Financial Officer	2018-02-08
0001725458-18-000001	1	Eric Hsu	Managing Member	2018-02-08
0001728670-18-000004	2	Jordan Crone	CTO	2018-02-07
0001728670-18-000004	1	Ricardo Grant	CEO	2018-02-07
0001728670-18-000001	1	Ricardo Grant	CEO	2018-02-07
0001728670-18-000001	2	Jordan Crone	CTO	2018-02-07
0001726073-18-000002	1	Scott Bachman	Manager of Crudefunders	2018-02-07
0001663940-18-000001	1	April Spears	President/CEO	2018-02-06
0001725245-18-000002	1	Herpreet Walia	CEO, President and Director	2018-02-06
0001665160-18-000105	1	Frank Erik Banks	CEO, Principal Executive Officer and Director, Principal Financial Officer and Principal Accounting Officer	2018-02-06
0001665160-18-000104	1	Jose Gildo Beleski	CEO, Principle Financial Officer, Director	2018-02-06
0001665160-18-000104	3	Cathy Bunke	Controller, Director	2018-02-06
0001665160-18-000104	2	Ana D'Arace	Director	2018-02-06
0001665160-18-000103	1	Paul Joseph Posti, Jr.	Chief Executive Officer	2018-02-05
0001665160-18-000102	1	Robert Laing	CEO, Principal Executive Officer and Director, Principal Financial Officer and Principal Accounting Officer	2018-02-05
0001669654-18-000001	1	Gabe Zichermann	CEO	2018-02-05
0001669654-18-000001	2	Adam Singer	CTO	2018-02-05
0001665160-18-000100	2	Steven Relis	Chief Financial Officer and Chief Accounting Officer	2018-02-02
0001723949-18-000009	1	Robert Dames	President	2018-02-02
0001670254-18-000029	3	Jonathan Greenburg	CEO	2018-02-02
0001670254-18-000029	2	Owen Gonzales	COO	2018-02-02
0001665160-18-000101	1	Paul Wagner	CEO, Principal Executive Officer, Director, Principal Financial Officer, Principal Accounting Officer	2018-02-02
0001670254-18-000029	1	jerry washburn	CFO	2018-02-02
0001665160-18-000100	1	Steve Vanechanos	Principal Executive Officer and Director	2018-02-02
0001723949-18-000009	2	Thomas Kearney	CEO	2018-02-02
0001670254-18-000027	1	Bryan Davis	CEO	2018-02-01
0001665160-18-000099	1	George Giovanis	CEO, Principal Executive Officer and Director, Principal Financial Officer and Principal Accounting Officer	2018-02-02
0001729247-18-000001	3	Roshan Polepalli	CMO and Director	2018-02-02
0001729247-18-000001	2	Alfonso Pating	COO and Director	2018-02-02
0001729247-18-000001	1	Aamer Shahab	CEO and Director	2018-02-02
0001729481-18-000002	1	/s/ Alexander M. Woods-Leo	Chairman, CEO, President, COO, Secretary, Treasurer, CFO	2018-02-02
0001665160-18-000095	1	Peter F Travers	CEO and Managing Member, Principal Financial Officer and Principal Accounting Officer	2018-02-01
0001670254-18-000025	3	Davis Sean Tucker	President/Founder	2018-02-01
0001670254-18-000025	2	Donald F Thompson	director	2018-02-01
0001670254-18-000025	1	Mary M Thompson	Director	2018-02-01
0001665160-18-000097	1	Alan Safahi	CEO, Principal Executive Officer and Director, Principal Financial Officer and Principal Accounting Officer	2018-02-01
0001665160-18-000094	1	Gary Fenton	Principal Executive Officer and Managing Partner, Principal Financial Officer and Principal Accounting Officer	2018-02-01
0001665160-18-000093	2	S.K Chan	Principal Financial Officer and Principal Accounting Officer	2018-02-01
0001665160-18-000093	1	Esmond Goei	Principle Executive officer and Director	2018-02-01
0001665160-18-000093	3	Robert L. Kent	Director	2018-02-01
0001669191-18-000099	6	Brent Green	Board Member	2017-08-03
0001669191-18-000099	7	David Greene	Board Member	2017-08-03
0001669191-18-000099	5	Gray Frederickson	Board Member	2017-08-02
0001669191-18-000099	4	John  Simonelli	Board Member	2017-08-02
0001669191-18-000099	3	David Greene	Principal Accounting Officer	2017-08-03
0001669191-18-000099	2	David Greene	Principal Financial Officer	2017-08-03
0001669191-18-000099	1	Gray Frederickson	Principal Executive Officer	2017-08-02
0001665160-18-000092	4	Brad Kayton	Director	2018-02-01
0001665160-18-000092	3	Richard Warwick	COO	2018-02-01
0001665160-18-000092	2	Glen Burchers	Director and Officer	2018-02-01
0001665160-18-000092	1	Utz Baldwin	CEO, Principal Executive Officer and Director, Principal Financial Officer and Principal Accounting Officer	2018-02-01
0001670254-18-000024	4	Timothy O'Shea	Board Member	2018-01-31
0001670254-18-000024	5	Christopher Landrigan	founder	2018-01-31
0001670254-18-000024	6	Theodore C Sectish, M.D.	Founder and Board Member	2018-01-31
0001670254-18-000024	7	Scott Pitt	Chief Financial Officer	2018-01-31
0001665160-18-000085	1	Jason Giddings	CEO, Principal Executive Officer and Director, Principal Financial Officer and Principal Accounting Officer	2018-01-31
0001670254-18-000024	3	william h floyd	president and eco	2018-01-31
0001665160-18-000090	1	Julio Vincent Gambuto	CEO, Principal Executive Officer, Director, Principal Accounting Officer, Principal Financial Officer	2018-01-31
0001670254-18-000024	1	Nancy D. Spector	Co-Founder and Board Member	2018-01-31
0001665160-18-000082	1	Charles Simmons	CEO, Principal Executive Officer and Director, Principal Financial Officer and Principal Accounting Officer	2018-01-31
0001670254-18-000024	2	Amy J Starmer	Co-Founder and Board Member	2018-01-31
0001670254-18-000023	1	Andreas Haas	CEO & Lead Engineer	2018-01-23
0001665160-18-000079	1	Nathanael Engen	Founder, CEO, Principal Executive Officer and Manager, Principal Financial Officer and Principal Accounting Officer	2018-01-31
0001669191-18-000096	6	Diana Le	Board Member	2017-11-02
0001669191-18-000096	7	Matthew Sheppard	Board Member	2017-11-02
0001669191-18-000096	5	Jonathan Romanowski	Board Member	2017-11-02
0001669191-18-000096	4	Emily Rotolo	Board Member	2017-11-02
0001669191-18-000096	3	Emily Rotolo	Principal Accounting Officer	2017-11-02
0001669191-18-000096	2	Emily Rotolo	Principal Financial Officer	2017-11-02
0001669191-18-000096	1	Emily Rotolo	Principal Executive Officer	2017-11-02
0001669191-18-000093	1	Olivier Grinda	Principal Executive Officer	2017-10-03
0001669191-18-000093	3	Olivier Grinda	Principal Accounting Officer	2017-10-05
0001669191-18-000093	2	Olivier Grinda	Principal Financial Officer	2017-10-05
0001665160-18-000077	1	Vance Xiang	CEO, Principal Executive Officer, Director, Principal Accounting Officer, Principal Financial Officer	2018-01-31
0001723146-18-000001	1	Jay Noland	CEO	2018-01-31
0001670254-18-000022	2	Eric J. Lerner	President and Chief Scientist	2018-01-30
0001669191-18-000091	1	Ansgar Strother	Principal Executive Officer	2018-01-22
0001670254-18-000022	1	Ivana Karamitsos	Chief Information Officer	2018-01-30
0001670254-18-000021	1	Tommy Tsitouris	President	2018-01-29
0001670254-18-000021	2	Matt Crowley	Vice President	2018-01-25
0001669191-18-000091	3	Ansgar Strother	Principal Accounting Officer	2018-01-22
0001669191-18-000091	2	Ansgar Strother	Principal Financial Officer	2018-01-22
0001665160-18-000075	1	Marlon Schulman	Principal Executive Officer, Principal Financial Officer and Principal Accounting Officer, Director	2018-01-30
0001683052-18-000002	1	Bruce A. Cosgrove	President/C.F.O.	2018-01-30
0001669191-18-000088	2	Kevin Murray	Principal Financial Officer	2018-01-28
0001669191-18-000088	3	Kevin Murray	Principal Accounting Officer	2018-01-28
0001669191-18-000088	1	Kevin Murray	Principal Executive Officer	2018-01-28
0001719866-18-000001	1	Paul Joseph Posti, Jr.	Chief Executive Officer	2018-01-30
0001669191-18-000086	4	Jen Forman	Board Member	2017-10-06
0001669191-18-000086	3	Jen Forman	Principal Accounting Officer	2017-10-06
0001669191-18-000086	6	Eric Forman	Board Member	2017-10-06
0001669191-18-000086	1	Jen Forman	Principal Executive Officer	2017-10-06
0001669191-18-000086	2	Jen Forman	Principal Financial Officer	2017-10-06
0001669191-18-000086	5	Jon Spencer	Board Member	2017-10-09
0001669191-18-000084	3	Olivier Grinda	Principal Accounting Officer	2017-10-05
0001669191-18-000084	1	Olivier Grinda	Principal Executive Officer	2017-10-03
0001669191-18-000084	2	Olivier Grinda	Principal Financial Officer	2017-10-05
0001704090-18-000001	1	Lori Daugherty	President	2018-01-30
0001665160-18-000073	3	Igor Efremov	Director	2018-01-29
0001665160-18-000073	4	Dmitriy Smirnov	Director	2018-01-29
0001665160-18-000073	1	Rubin Cortez	CEO, Principal Executive Officer and Director, Principal Financial Officer and Principal Accounting Officer	2018-01-29
0001665160-18-000074	1	Jon Bottorff	CFO	2018-01-29
0001665160-18-000074	2	James Betesh	SVP - Operations	2018-01-29
0001665160-18-000074	3	Jessica Hoyt	VP Program Acquisitions	2018-01-29
0001665160-18-000074	4	Dan Zifkin	President and CEO	2018-01-29
0001665160-18-000073	2	Mark Rizzo	Chief Technology Officer, Secretary, and Director	2018-01-29
0001665160-18-000074	5	Tim Larson	SVP - Distribution	2018-01-29
0001665160-18-000072	2	Friso Schmid	Principal Executive Officer and Director, Principal Financial Officer and Principal Accounting Officer	2018-01-29
0001665160-18-000072	1	Aike Muller	Principal Executive Officer and President	2018-01-29
0001665160-18-000071	1	Helena Fogarty	CEO and Founder	2018-01-29
0001665160-18-000070	2	Priya Krishnamurthy	Director	2018-01-29
0001665160-18-000070	1	Raghuram Balasubramanian	CEO, Principal Executive Officer, Director, Principal Accounting Officer, Principal Financial Officer	2018-01-29
0001722007-18-000004	1	Naomi Homison	Managing Director	2018-01-29
0001717605-18-000001	1	/s/ Dakin Cranwell	CEO/Principal Financial Officer/Principal Accounting Officer	2017-09-20
0001670254-18-000019	2	Adam Oxner	Co-Founder	2017-09-27
0001670254-18-000019	1	Michael Allon	Co-Founder	2017-09-27
0001665160-18-000066	3	David Markowski	Principal Financial Officer, Principal Accounting Officer	2018-01-26
0001665160-18-000066	2	Ron Erickson	Director	2018-01-26
0001665160-18-000066	1	Aaron Itzkowitz	CEO, President, Chairman, Director, Principal Executive Officer	2018-01-26
0001670254-18-000019	3	Fares Ksebati	CEO	2017-09-27
0001665160-18-000067	1	Christopher Tompkins	Principle Executive Officer, Principle Financial officer, Principle Accounting Officer, Director	2018-01-26
0001665160-18-000067	2	Philip Magri	Director	2018-01-26
0001670254-18-000018	3	Hannah Freeman	Co-CEO	2017-12-01
0001670254-18-000018	2	Mary Jo Cook	Board Chair	2017-12-01
0001670254-18-000018	4	Srinivas Artham	Co-founder	2017-12-01
0001670254-18-000018	1	Matthew Rogers	Board Member	2017-12-01
0001690447-18-000002	2	Aaron Selverston	Director	2018-01-26
0001690447-18-000002	1	Ron Hupp	Director	2018-01-26
0001690447-18-000002	3	Wei Tao	Director	2018-01-26
0001670254-18-000017	1	Michael Rosenberg	President	2018-01-20
0001670254-18-000017	2	Marta Mendizabal	VP & COO	2018-01-19
0001715599-18-000001	1	Jacob Iest	CFO	2018-01-26
0001669191-18-000046	1	Dane Rudy	Principal Executive Officer	2018-01-22
0001669191-18-000046	3	Bryce Prior	Principal Accounting Officer	2018-01-22
0001669191-18-000046	2	Bryce Prior	Principal Financial Officer	2018-01-22
0001665160-18-000064	1	Adrian Ceron	CEO, Principal Executive Officer, Principal Financial Officer, Principal Accounting Officer	2018-01-26
0001726537-18-000001	2	Scot Crow	Manager	2018-01-26
0001726537-18-000001	1	Amy Dannemiller	Manager	2018-01-26
0001726537-18-000001	3	Heather Q Molloy	Manager	2018-01-26
0001665160-18-000062	3	Christopher Kyle	Director	2018-01-26
0001665160-18-000062	1	Brian Burt	President, CEO, Secretary, Board Chair, Principal Executive Officer and Director, Principal Financial Officer	2018-01-26
0001665160-18-000062	2	Julian Martinez	Principal Accounting Officer and Director	2018-01-26
0001665160-18-000061	1	Jeffrey S. Greenberger	President, CEO, Principal Executive Officer and Director, Principal Financial Officer and Principal Accounting Officer	2018-01-26
0001718354-18-000001	1	Shiva Kashalkar	CEO	2018-01-26
0001718414-18-000001	2	Daniel Twyman	Managing Partner	2018-01-26
0001718414-18-000001	1	Brad Gettelfinger	Managing Partner	2018-01-26
0001660945-18-000001	1	David Foster	Vice President	2018-01-25
0001669191-18-000044	6	Eric Forman	Board Member	2017-10-06
0001669191-18-000044	5	Jon Spencer	Board Member	2017-10-09
0001669191-18-000044	4	Jen Forman	Board Member	2017-10-06
0001660945-18-000001	2	Amon Anderson	Director	2018-01-25
0001669191-18-000044	2	Jen Forman	Principal Financial Officer	2017-10-06
0001669191-18-000044	1	Jen Forman	Principal Executive Officer	2017-10-06
0001670254-18-000016	1	Dustin Windham	CEO	2018-01-24
0001669191-18-000044	3	Jen Forman	Principal Accounting Officer	2017-10-06
0001670254-18-000013	1	Oscar Chow	Founder and CEO	2018-01-24
0001665160-18-000060	1	Alice Crisci	Principal Executive Officer and Director, Principal Financial Officer, Principal Accounting Officer	2018-01-25
0001665160-18-000059	1	Jose Gildo Beleski	CEO, Principle Financial Officer, Director	2018-01-25
0001665160-18-000059	2	Ana D'Arace	Director	2018-01-25
0001665160-18-000059	3	Cathy Bunke	Controller, Director	2018-01-25
0001665160-18-000058	1	Chris Anthony	Principal Executive Officer and Director	2018-01-25
0001720033-18-000002	1	Vico Neve Enterprises Ltd.	Managing Member	2018-01-24
0001665160-18-000056	1	Sarbojeet Jana	CEO, Principal Executive Officer and Director, Principal Financial Officer and Principal Accounting Officer	2018-01-24
0001727471-18-000003	3	Rob McCorkle	Head of Business Development	2018-01-22
0001727471-18-000003	4	Brendan Joyce	CTO	2018-01-23
0001727471-18-000003	2	Chris Rushing	COO	2018-01-22
0001727471-18-000003	1	Mark Garrison	CEO	2018-01-24
0001665160-18-000053	1	Glen DeBarros	CEO, Principal Executive Officer and Director, Principal Financial Officer and Principal Accounting Officer	2018-01-24
0001670254-18-000011	2	Sean Peace	CEO	2018-01-23
0001670254-18-000011	1	Roiston D'Souza	COO	2018-01-23
0001721104-18-000008	1	/s/Mark Lehman	CEO	2018-01-24
0001670254-18-000010	3	Mike Meader	Co-Founder/President	2018-01-22
0001670254-18-000010	2	Jeanene Morgan	CFO	2018-01-22
0001670254-18-000010	1	klaus moeller	founder	2018-01-22
0001669191-18-000040	3	Ansgar Strother	Principal Accounting Officer	2018-01-22
0001669191-18-000040	2	Ansgar Strother	Principal Financial Officer	2018-01-22
0001669191-18-000040	1	Ansgar Strother	Principal Executive Officer	2018-01-22
0001721104-18-000007	1	/s/Mark Lehman	CEO	2018-01-23
0001665160-18-000050	2	William Mardel	CFO, Principal Financial Officer, Controller and Director	2018-01-23
0001665160-18-000050	1	Todd Shallbetter	President, Chief Operating Officer, Principal Executive Officer and Director	2018-01-23
0001721104-18-000006	1	/s/Mark Lehman	CEO	2018-01-23
0001665160-18-000047	1	Mark Snyder	CEO, Principal Executive Officer and Manager, Principal Financial Officer and Principal Accounting Officer	2018-01-22
0001727471-18-000001	3	Rob McCorkle	Head of Business Development	2018-01-22
0001727471-18-000001	4	Brendan Joyce	CTO	2018-01-22
0001727471-18-000001	2	Chris Rushing	COO	2018-01-22
0001727471-18-000001	1	Mark Garrison	CEO	2018-01-22
0001719522-18-000001	1	Sameer Patel	Manager of WPCK, LLC, the manager of the Issuer	2018-01-22
0001721392-18-000001	1	Vijay Sundhar	CEO	2018-01-22
0001669191-18-000036	4	Mark Jennings	Board Member	2017-11-30
0001669191-18-000036	3	Mark Jennings	Principal Accounting Officer	2017-11-30
0001669191-18-000036	2	Mark Jennings	Principal Financial Officer	2017-11-30
0001669191-18-000036	1	Mark Jennings	Principal Executive Officer	2017-11-30
0001669191-18-000034	1	Gray Frederickson	Principal Executive Officer	2017-08-02
0001669191-18-000034	2	David Greene	Principal Financial Officer	2017-08-03
0001669191-18-000034	3	David Greene	Principal Accounting Officer	2017-08-03
0001669191-18-000034	4	John  Simonelli	Board Member	2017-08-02
0001669191-18-000034	5	Gray Frederickson	Board Member	2017-08-02
0001669191-18-000034	6	Brent Green	Board Member	2017-08-03
0001669191-18-000034	7	David Greene	Board Member	2017-08-03
0001669191-18-000021	1	Andrew  Moore	Principal Executive Officer	2017-12-29
0001669191-18-000021	2	Andrew Sahlstrom	Principal Financial Officer	2017-12-29
0001669191-18-000021	3	Andrew  Moore	Principal Accounting Officer	2018-01-19
0001670254-18-000008	1	Jensen Adoni	Vice President	2018-01-19
0001670254-18-000008	2	Ronald Sowa	President	2018-01-19
0001670254-18-000008	3	Elvis Willie	CFO	2018-01-19
0001665160-18-000043	1	Joseph Tutela	Principal Executive Officer and Director	2018-01-19
0001665160-18-000043	2	David Levine	Principal Accounting Officer	2018-01-19
0001665160-18-000043	3	Russell Bruemmer	Director	2018-01-19
0001665160-18-000043	4	Denise Denson	Director	2018-01-19
0001665160-18-000043	5	Paul Feldman	Director	2018-01-19
0001665160-18-000043	6	Jeff Hembrock	Director	2018-01-19
0001665160-18-000043	7	David Heyman	Director	2018-01-19
0001670254-18-000008	4	Jay Adoni	CEO and Director	2018-01-19
0001665160-18-000042	1	Neil Rothenberg	CEO, Principal Executive Officer and Director, Principal Financial Officer and Principal Accounting Officer	2018-01-19
0001665160-18-000041	1	Robert Smith III	CEO,CFO, Director	2018-01-19
0001710332-18-000001	2	Bryce Fisher	Director	2018-01-19
0001710332-18-000001	1	Henry Deutsch	Director	2018-01-19
0001719970-18-000003	1	robert cefail	president	2018-01-19
0001722994-18-000001	1	/s/ Cara DesJardins	CEO/financial officer/accounting officer	2017-10-26
0001704837-18-000001	1	Peter B Gustis	CEO	2018-01-19
0001672227-18-000001	1	Michael Scillia	Secretary and Board Advisor	2018-01-19
0001717615-18-000002	2	/s/ Robert Francis	Managing Director/CEO	2018-01-18
0001717615-18-000002	3	/s/ William T. Hough Jr.	Chairman	2018-01-18
0001717615-18-000002	4	/s/ Richard Meigs	Managing Director	2018-01-18
0001721104-18-000001	1	/s/Mark H. Lehman	Chief Executive Officer	2018-01-18
0001717615-18-000002	1	/s/ Kevin Fitzgerald	Managing Director/CFO	2018-01-18
0001690165-18-000005	2	Daniel Kurzrock	CEO and Cofounder	2018-01-18
0001690165-18-000005	1	Jordan Schwartz	COO and Cofounder	2018-01-18
0001690165-18-000003	2	Daniel Kurzrock	CEO and Cofounder	2018-01-18
0001690165-18-000003	1	Jordan Schwartz	COO and Cofounder	2018-01-18
0001727168-18-000001	1	Michael McCoy	Chief Executive Officer, Chief Financial Officer, Secretary	2018-01-18
0001726635-18-000001	1	Obi Omile Jr	Manager	2018-01-18
0001726635-18-000001	2	Kush Patel	Manager	2018-01-18
0001727469-18-000002	3	Anastasia Kaschenko	Manager	2018-01-17
0001727469-18-000002	1	Beth Koigi	Manager	2018-01-17
0001727469-18-000002	2	Clare Sewell	Manager	2018-01-17
0001670254-18-000007	1	Courtney Torgesen	Chief Growth Officer	2018-01-13
0001670254-18-000007	5	Brian Bourgerie	CFO, Crowdfunding	2018-01-13
0001670254-18-000007	4	Joshua M Isabell	Director	2018-01-13
0001670254-18-000007	3	Bryson C. Hill	CEO	2018-01-13
0001670254-18-000007	2	Kevin L Hill	Chief Operating Officer	2018-01-13
0001724714-18-000003	2	Arup Bhattacharya	CTO and Director	2018-01-17
0001724714-18-000003	1	John Wu	CEO and Director	2018-01-17
0001674439-18-000002	1	Ralf-Rainer von Albedyhll	CEO	2018-01-16
0001717408-18-000001	2	Rabi Gupta	CEO	2018-01-16
0001717408-18-000001	1	Akshay Gupta	COO	2018-01-16
0001724714-18-000001	1	John Wu	CEO and Director	2018-01-16
0001724714-18-000001	2	Arup Bhattacharya	CTO and Director	2018-01-16
0001726531-18-000003	1	Easton LaChappelle	CEO	2018-01-16
0001665160-18-000040	1	Jean J. Borno	Principal Executive Officer, Principal Financial Officer and Principal Accounting Officer, Director	2018-01-16
0001726531-18-000001	1	Easton LaChappelle	CEO	2018-01-04
0001665160-18-000039	1	Michael Burtov	Chief Executive Officer and Director	2018-01-16
0001665160-18-000039	2	Richard Cuoto	Chief Financial Officer, Principal Accounting Officer	2018-01-16
0001719970-18-000001	1	robert cefail	president	2018-01-16
0001724740-18-000001	1	YouNow Inc.	Managing Member	2018-01-16
0001724740-18-000001	2	Crowd Include LLC	Securities Member	2018-01-16
0001668287-18-000005	1	Joshua Harrison	President	2018-01-16
0001717615-18-000001	4	/s/ Richard Meigs	Managing Director	2018-01-16
0001717615-18-000001	3	/s/ William T. Hough Jr.	Chairman	2018-01-16
0001717615-18-000001	2	/s/ Robert Francis	Managing Director/CEO	2018-01-16
0001717615-18-000001	1	/s/ Kevin Fitzgerald	Managing Director/CFO	2018-01-16
0001670254-18-000005	3	Thomas Linde	Founding Member	2017-11-27
0001670254-18-000005	2	Robert A Sourek Jr	Founding Member	2017-11-27
0001670254-18-000005	1	Paul Spencer	Managing Member	2017-11-27
0001670254-18-000005	4	Norman G Ward	Founding Member	2017-11-27
0001720033-18-000001	1	Vico Neve LLC	Managing Member	2018-01-12
0001719701-18-000001	1	Martin Molina	CEO	2017-11-08
0001724453-18-000001	1	Sohrob Farudi	Founder & CEO	2017-12-11
0001665160-18-000035	5	Nicholas Hayes	Director	2018-01-12
0001665160-18-000035	4	Kevin Surace	Director	2018-01-12
0001665160-18-000035	3	Kathleen Hayes	Director	2018-01-12
0001665160-18-000035	2	Thomas Hitchner	Director and Chairman	2018-01-12
0001665160-18-000035	1	Thomas Wood	CEO, Principal Executive Officer, Principal Financial Officer and Principal Accounting Officer	2018-01-12
0001665160-18-000033	1	Melissa Meister	CEO, Principal Executive Officer and Director, Principal Financial Officer and Principal Accounting Office	2018-01-12
0001705841-18-000001	1	William Overhulser	Principal Financial Officer	2018-01-12
0001665160-18-000032	1	Frank Erik Banks	CEO, Principal Executive Officer and Director, Principal Financial Officer and Principal Accounting Officer	2018-01-12
0001670254-18-000003	1	David Willis	Director / Writer / Producer	2018-01-10
0001670254-18-000004	1	Benjamin Bondar	CEO & Founder	2018-01-10
0001723348-18-000002	1	Charles Townsend	President	2018-01-11
0001716791-18-000001	1	Ketan Anjaria	CEO	2018-01-10
0001665160-18-000026	1	Richard L Medlen	CEO, Principal Executive Officer and Director, Principal Financial Officer and Principal Accounting Officer	2018-01-09
0001665160-18-000030	1	Chip Loeb	CEO, Principal Executive Officer, Principal Financial Officer, Principal Accounting Officer	2018-01-09
0001665160-18-000030	2	Tanya Kogan	Director	2018-01-09
0001665160-18-000024	1	Vigen Sanahyan	CEO, Principal Executive Officer and Director and Principal Accounting Officer	2018-01-09
0001665160-18-000024	2	Zhanna Barseghyan	Principal Financial Officer	2018-01-09
0001665160-18-000022	1	Robert Smith III	CEO,CFO, Director	2018-01-09
0001723949-18-000006	1	Robert Dames	President	2018-01-09
0001723949-18-000006	2	Thomas Kearney	CEO	2018-01-09
0001665160-18-000021	1	Charles Powell	CEO, Principal Executive Officer and Director, Principal Financial Officer and Principal Accounting Officer	2018-01-09
0001706939-18-000001	1	Peter Gantner	President	2018-01-09
0001668287-18-000003	1	Butch Conz	Owner	2018-01-09
0001669753-18-000002	1	Camellus Ofornedu Ezeugwu Jr.	Director	2018-01-08
0001669753-18-000002	2	Felix Addison	Director	2018-01-08
0001669753-18-000001	3	Felix Addison	Director	2018-01-08
0001669753-18-000001	2	Nikita Korablin	Director	2018-01-08
0001669753-18-000001	1	Camellus Ofornedu Ezeugwu Jr.	Director	2018-01-08
0001665160-18-000018	1	Charles Powell	CEO, Principal Executive Officer and Director, Principal Financial Officer and Principal Accounting Officer	2018-01-08
0001669191-18-000012	2	Rodney Hare	Principal Financial Officer, Principal Accounting Officer, Board Member	2018-01-08
0001669191-18-000012	1	Robert Chunn	Principal Executive Officer, Board Member	2018-01-08
0001670254-18-000002	2	Chandramouli Srinivasan	CEO	2018-01-03
0001669753-18-000002	3	Nikita Korablin	Director	2018-01-08
0001670254-18-000002	1	Kavitha Gopalan	CMO	2018-01-03
0001665160-18-000015	1	Carlo Brovero	CEO, Principal Executive Officer and Director, Principal Financial Officer and Principal Accounting Officer	2018-01-08
0001690447-18-000001	1	Ron Hupp	Director	2018-01-08
0001690447-18-000001	2	Aaron Selverston	Director	2018-01-08
0001690447-18-000001	3	Wei Tao	Director	2018-01-08
0001715496-18-000001	1	/s/ Brian Spagola	CEO/financial officer/accounting officer	2017-08-23
0001719434-18-000001	3	/s/ Fredis Trujillo	Board Member	2017-10-05
0001719434-18-000001	5	/s/ Alexander Hache	Board Member	2017-10-05
0001719434-18-000001	2	/s/ James Lourie	Board Member	2017-10-05
0001719434-18-000001	1	/s/ David Trujillo	CEO/financial officer/accounting officer	2017-10-05
0001719434-18-000001	4	/s/ Jay Lee	Board Member	2017-10-05
0001665160-18-000013	2	Joshua W. Sims	Managing Partner	2018-01-05
0001665160-18-000013	1	Jon Graham	CEO and Director, Principal Financial Officer and Principal Accounting Officer	2018-01-05
0001665160-18-000012	1	Michael Licamele	CEO, Principal Executive Officer and Sole Director, Principal Financial Officer and Principal Accounting Officer	2018-01-05
0001664957-18-000001	2	Sam Yagan	Director	2018-01-05
0001664957-18-000001	1	Desiree Vargas Wrigley	Director	2018-01-05
0001719882-18-000001	1	Meade Lewis	Member	2018-01-05
0001719882-18-000001	2	Justin Stewart	Member	2018-01-05
0001665160-18-000011	1	Charles S. Cotropia	CEO, Principal Executive Officer and Director, Principal Financial Officer and Principal Accounting Officer	2018-01-04
0001723348-18-000001	1	Charles Townsend	President	2018-01-04
0001726062-18-000002	1	Anton Zriashchev	CEO and Director	2018-01-04
0001665160-18-000008	1	Steve Vanechanos	Principal Executive Officer and Director	2018-01-03
0001665160-18-000008	2	Steven Relis	Chief Financial Officer and Chief Accounting Officer	2018-01-03
0001665160-18-000006	1	David Weksel	CEO, Principal Executive Officer and Director, Principal Financial Officer and Principal Accounting Officer	2018-01-03
0001669191-18-000011	2	Michael Antaran	Principal Financial Officer	2017-12-29
0001669191-18-000011	4	Michael Antaran	Board Member	2017-12-29
0001669191-18-000011	3	Michael Antaran	Principal Accounting Officer	2017-12-29
0001669191-18-000011	1	Michael Antaran	Principal Executive Officer	2017-12-29
0001665160-18-000005	1	Carey Ray Martell	President, Principal Executive Officer and Director, Principal Financial Officer and Principal Accounting Officer	2018-01-02
0001669191-18-000009	1	Nikolaos Tezapsidis	Principal Executive Officer	2017-12-28
0001669191-18-000009	2	James Harris	Principal Financial Officer	2017-12-29
0001665160-18-000004	1	Michael Azzarello	CEO, Principal Executive Officer and Director, Principal Financial Officer, Principal Accounting Officer	2018-01-02
0001669191-18-000009	3	Nikolaos Tezapsidis	Principal Accounting Officer	2017-12-28
0001669191-18-000009	6	Thomas Humphries	Board Member	2017-12-29
0001669191-18-000009	5	James Harris	Board Member	2017-12-29
0001669191-18-000009	4	Nikolaos Tezapsidis	Board Member	2017-12-28
0001665160-18-000003	1	Steve Salani	CEO, Principal Executive Officer and Director, Principal Financial Officer and Principal Accounting Officer	2018-01-02
0001723949-18-000004	2	Thomas Kearney	CEO	2018-01-02
0001723949-18-000004	1	Robert Dames	President	2018-01-02
0001665160-18-000002	1	Cornell Christianson	CEO, Principal Executive Officer and Director, Principal Financial Officer and Principal Accounting Officer	2018-01-02
0001665160-18-000001	1	Saiful Khandaker	Principal Executive Officer, Financial Controller, Principal Financial Officer, Director	2018-01-02
0001722007-18-000003	1	Naomi Homison	Managing Director	2018-01-02
0001670254-18-000001	1	Lizzy Boelter	Chef & Owner	2018-01-02
0001715237-18-000001	1	Jonathan Kesselman	Managing Member	2017-10-10
0001708151-18-000001	1	Wai Lun Pun	COO	2018-01-02
0001669191-18-000006	1	Matthew Gira	Principal Executive Officer	2017-09-25
0001669191-18-000006	3	Matthew Gira	Principal Accounting Officer	2017-09-25
0001669191-18-000006	2	Matthew Gira	Principal Financial Officer	2017-09-25
0001669191-18-000003	4	Michael Antaran	Board Member	2017-12-29
0001669191-18-000003	1	Michael Antaran	Principal Executive Officer	2017-12-29
0001669191-18-000003	2	Michael Antaran	Principal Financial Officer	2017-12-29
0001669191-18-000003	3	Michael Antaran	Principal Accounting Officer	2017-12-29
0001644600-17-000174	1	Brandon Jason Austin	CEO	2017-12-29
