ACCESSION_NUMBER	ISAMENDMENT	PROGRESSUPDATE	NATUREOFAMENDMENT	NAMEOFISSUER	LEGALSTATUSFORM	LEGALSTATUSOTHERDESC	JURISDICTIONORGANIZATION	DATEINCORPORATION	STREET1	STREET2	CITY	STATEORCOUNTRY	ZIPCODE	ISSUERWEBSITE	COMPANYNAME	COMMISSIONCIK	COMMISSIONFILENUMBER	CRDNUMBER
0001665160-17-000251	0			Fama, Inc.	Corporation		GA	2015-07-10	13010 Morris Road	Building 1, Suite 600	Alpharetta	GA	30534	https://www.famacash.com	StartEngine Capital, LLC	0001665160	007-00007	
0001665160-17-000246	1		Issuer extended offering end date and expanding maximum funding goal to $1,070,000.	SlideBelts Inc.	Corporation		DE	2013-06-10	4818 GOLDEN FOOTHILL PKWY	UNIT 9	SACRAMENTO	CA	95762	www.slidebelts.com	StartEngine Capital, LLC	0001665160	007-00007	
0001708142-17-000002	0			Ironclad Distillery, Inc.	Corporation		VA	2014-05-22	124 23rd St.		Newport News	VA	23607	ironcladdistillery.com	First Democracy VC	0001683054	007-00076	285360
0001665160-17-000245	0		Annual Report Clarification	Vibrant TV, LLC	Limited Liability Company		IL	2011-08-15	990 GROVE STREET, SUITE 300		EVANSTON	IL	60201	https://vibrant.tv	StartEngine Capital, LLC	0001665160	007-00007	
0001665160-17-000244	0		Annual Report Clarification	WindowMirror	Corporation		IL	2014-08-02	5440 W BERTEAU	SUITE 1	CHICAGO	IL	60641	www.windowmirror.org	StartEngine Capital, LLC	0001665160	007-00007	
0001665160-17-000243	0		Annual Report Clarification	Xcraft Enterprises, LLC	Corporation		DE	2014-09-23	313 E SHERMAN AVE		COEUR D'ALENE	ID	83814	www.xcraft.io	StartEngine Capital, LLC	0001665160	007-00007	
0001665160-17-000242	0		Annual Report Clarification	Yonduur	Corporation		DE	2017-04-07	8 THE GREEN #A		DOVER	DE	19901	www.Yonduur.com	StartEngine Capital, LLC	0001665160	007-00007	
0001665160-17-000241	0		Removal of graphs with inaccurate projections from campaign page and annual report clarification	Zoi, Inc.	Corporation		DE	2017-01-06	611 N. COMMONWEALTH AVE		LOS ANGELES	CA	90004	http://whatiszoi.com	StartEngine Capital, LLC	0001665160	007-00007	
0001665160-17-000240	0		Annual Report Clarification	Los Angeles SuperStars, Inc.	Corporation		NV	2017-01-22	1055 WEST 7TH STREET	33RD FLOOR	LOS ANGELES	CA	90017	www.lasuperstarsbb.com	StartEngine Capital, LLC	0001665160	007-00007	
0001665160-17-000239	0		Annual Report Clarification	Storiad, Inc.	Corporation		CA	2010-03-13	961 E. CALIFORNIA BLVD. #327		PASADENA	CA	91106	http://storiad.com	StartEngine Capital, LLC	0001665160	007-00007	
0001665160-17-000238	0		Annual Report Clarification	Next Future Transportation Inc.	Corporation		DE	2015-02-27	246 RACE STREET		SAN JOSE	CA	95126	http://www.next-future-mobility.com	StartEngine Capital, LLC	0001665160	007-00007	
0001665160-17-000237	0		Annual Filing Clarification	Mi Ola, Inc	Corporation		NY	2012-01-25	21 ATLANTIC WALK		BREEZY POINT	NY	11697	http://mi-ola.com/	StartEngine Capital, LLC	0001665160	007-00007	
0001665160-17-000236	0		Annual Report Clarification	K-LAWYERS, INC.	Corporation		DE	2016-01-17	350 LINCOLN ROAD, SUITE 3061		MIAMI BEACH	FL	33139	www.k-lawyers.com	StartEngine Capital, LLC	0001665160	007-00007	
0001665160-17-000235	0		Annual Report Clarification	Buy Insta Slim, Inc	Corporation		CA	2010-03-03	17662 ARMSTRONG AVE.		IRVINE	CA	92614	http://instaslim.com/	StartEngine Capital, LLC	0001665160	007-00007	
0001665160-17-000234	0		Annual Report Clarification	GRACEDBYGRIT	Corporation		DE	2013-01-18	153 N. HIGHWAY 101, SUITE #102		SOLANA BEACH	CA	92075	WWW.GRACEDBYGRIT.COM	StartEngine Capital, LLC	0001665160	007-00007	
0001665160-17-000233	0		Annual Report Clarification	Filmio, Inc.	Corporation		DE	2016-02-08	5825 OBERLIN DRIVE	SUITE 5	SAN DIEGO	CA	92121	filmio.com	StartEngine Capital, LLC	0001665160	007-00007	
0001665160-17-000232	0		Annual Report Clarification	Exploride, Inc.	Corporation		DE	2015-10-13	1111 LIGHT STREET, BETAMORE		BALTIMORE	MD	21030	www.exploride.com	StartEngine Capital, LLC	0001665160	007-00007	
0001665160-17-000231	0		Annual report Clarification	DNX7 Foods LLC	Limited Liability Company		DE	2015-09-25	120 S HOUGHTON RD	#138-273	TUCSON	AZ	85748	https://dnxbar.com/	StartEngine Capital, LLC	0001665160	007-00007	
0001665160-17-000230	0		Annual Report Clarification	Caleigh & Clover, Inc.	Corporation		DE	2017-04-19	111 CHESTNUT STREET		BURBANK	CA	91506	www.caleighandclover.com	StartEngine Capital, LLC	0001665160	007-00007	
0001665160-17-000229	0		Annual Filing Clarification	Niveau Brands, Inc.	Corporation		NV	2015-07-14	2120 UNIVERSITY AVE		BERKELEY	CA	94704	www.drinksmartenergy.com	StartEngine Capital, LLC	0001665160	007-00007	
0001708179-17-000001	0			Hoke Poke 5077 Lankershim, LLC	Limited Liability Company		CA	2016-06-29	6230A WILSHIRE BLVD. #49		LOS ANGELES	CA	90048	hokepoke.com	NextSeed US LLC	0001667892	007-00023	283225
0001708189-17-000001	0			IgnitedStudios Hollywood, LLC	Limited Liability Company		CA	2017-03-28	7080 HOLLYWOOD BLVD. #1100		LOS ANGELES	CA	90028	www.ignitedstudios.com	NextSeed US LLC	0001667892	007-00023	283225
0001710284-17-000001	0			Leah Shabshelowitz	Corporation		CA	2015-10-21	3380 Flair Drive	Ste 233-b	El Monte	CA	91731	http://www.fyxme.com/	SeedInvest, LLC	0001603038	008-69440	170937
0001669191-17-000080	0			VolAero UAV & Drones Holdings Corp.	Corporation		FL	2016-05-19	14530 Biscayne Blvd		Miami	FL	33181	www.volaerodrones.com	NetCapital Funding Portal Inc.	0001669191	007-00035	283596
0001683052-17-000001	0			Alchemy Mining Group, Inc.	Corporation		NV	2015-06-30	3609 Hammerkop Dr		N. LAS VEGAS	NV	89084	https://www.alchemyotcmarketsspecialists.com/mining-projects	SI SECURITIES, LLC	0001603038	008-69440	000170937
0001669191-17-000077	0			LafayetteRaceway.com, LLC	Limited Liability Company		IN	2016-06-23	1705 Greenbush Street		Lafayette	IN	47904	www.LafayetteRaceway.com	NetCapital Funding Portal Inc.	0001669191	007-00035	283596
0001670254-17-000185	0			My Trail Company, PBC	Corporation		CO	2015-04-09	1418 Pearl Street		Boulder	CO	80302	http://mytrailco.com	Wefunder Portal LLC	0001670254	007-00033	283503
0001644600-17-000140	0			SCOLLAR, INC.	Corporation		DE	2015-05-14	1535 Farmers Lane #329		Santa rosa	CA	95405	www.scollar.com	SI SECURITIES, LLC	0001603038	008-69440	000170937
0001644600-17-000138	0	$735,425 is our best estimate for the total amount of securities that will be sold		Lendsnap, Inc.	Corporation		DE	2014-08-04	2880 HELEN ST		OAKLAND	CA	94608	www.lendsnap.com	SI SECURITIES, LLC	0001603038	008-69440	000170937
0001605652-17-000001	0			NestGSV, Inc.	Corporation		CA	2012-05-23	585 Broadway Street		REDWOOD CITY	CA	94063	www.gsvlabs.com	First Democracy VC	0001683054	007-00076	285360
0001674439-17-000007	0		Extended campaign	NextRX Inc.	Corporation		NV	2015-09-01	8670 WEST CHEYENNE AVENUE	SUITE 120	LAS VEGAS	NV	89129	www.nextrx.net	truCrowd, Inc	0001667145	007-00015	
0001670254-17-000182	0			Recoup Fitness LLC	Limited Liability Company		CO	2015-05-28	511 Broadway		Denver	CO	80127	http://recoupfitness.com	Wefunder Portal LLC	0001670254	007-00033	283503
0001670254-17-000180	0			VL ENGAGE INC.	Corporation		DE	2016-01-01	1200 W. SHERWIN AVE.	#3-A	Chicago	IL	60626	http://vlgroup.com	Wefunder Portal LLC	0001670254	007-00033	283503
0001670254-17-000178	0			Meow Wolf, Inc.	Other	Public Benefit Corporation	DE	2016-11-28	1352 Rufina Cir		Santa Fe	NM	87507	https://meowwolf.com	Wefunder Portal LLC	0001670254	007-00033	283503
0001669191-17-000075	0		Extended offering by 24 days.	Zelgor Inc	Corporation		DE	2012-08-03	745 Atlantic Ave		Boston	MA	02111	zelgor.com	NetCapital Funding Portal Inc.	0001669191	007-00035	283596
0001670254-17-000174	0			Native American Natural Foods LLC	Limited Liability Company		SD	2006-09-05	287 Water Tower Rd		Kyle	SD	57752	http://www.tankabar.com/	Wefunder Portal LLC	0001670254	007-00033	283503
0001670254-17-000176	0			GroundSwell SPC	Corporation		WA	2017-03-14	1700 Main Street	Suite 203	Washougal	WA	98671	http://groundswellworld.com	Wefunder Portal LLC	0001670254	007-00033	283503
0001675896-17-000005	0			Treycent, Inc														
0001665160-17-000227	1		Updated Financial Review and Class B Common Stock authorization	GRACEDBYGRIT, INC.	Corporation		DE	2013-01-18	153 N. Highway 101, Suite #102		SOLANA BEACH	CA	92075	WWW.GRACEDBYGRIT.COM	StartEngine Capital, LLC	0001665160	007-00007	
0001665160-17-000228	1		Updating the signatories, extended campaign end date and updated screenshot.	LARADA SCIENCES INC	Corporation		DE	2006-02-20	154 E. MYRTLE AVE., SUITE 304		MURRAY	UT	84107	http://www.liceclinicsofamerica.com/	StartEngine Capital LLC	0001665160	007-00007	
0001644600-17-000135	0			Puptimize Inc.	Corporation		DE	2016-09-27	1818 COLBY AVE	UNIT 305	LOS ANGELES	CA	90025	www.puptimize.com	SI SECURITIES, LLC	0001603038	008-69440	000170937
0001608695-17-000004	0		Extended the closing date from 6/30/2017 to 9/30/2017	G. Randall & Sons, Inc.	Corporation		CA	2014-04-08	2069 COAST BLVD		DEL MAR	CA	92014	Randysclub.com	truCrowd, Inc	0001667145	007-00015	
0001683872-17-000005	0			Sondors Electric Car Co	Corporation		DE	2016-08-15	23823 MALIBU ROAD, SUITE 50 #129		MALIBU	CA	90265	www.sondorselectriccar.com				
0001670254-17-000172	0			Chateau Marcel, Inc.	Corporation		DE	2015-03-25	833 Broadway	2nd floor	New York	NY	10003	http://www.drinkmarcel.com	Wefunder Portal LLC	0001670254	007-00033	283503
0001691935-17-000001	0			Princeton Audio, LLC	Limited Liability Company		WI	2014-06-16	544 W. WATER ST.		PRINCETON	WI	54968	princeton-audio.com	First Democracy VC	0001683054	007-00076	285360
0001644600-17-000133	0		Correcting a clerical mistake in the Offering Memorandum.	WhereBy.Us Enterprises, Inc	Corporation		FL	2014-07-08	1951 NW 7TH AVE SUITE 600	SUITE 600	MIAMI	FL	33136	www.whereby.us	SI SECURITIES, LLC	0001603038	008-69440	000170937
0001644600-17-000131	0		Fixing a clerical error on the previously filed Exhibit C.	Count It Labs Inc.	Corporation		DE	2014-07-31	270 LAFAYETTE STREET	SUITE 1204	NEW YORK	NY	10012	www.countit.com	SI SECURITIES, LLC	0001603038	008-69440	000170937
0001688220-17-000004	0			KBlock Tools, LLC														
0001696377-17-000003	0			SLICK TECHNOLOGIES, CORP.														
0001695082-17-000006	0			DUO, LLC														
0001695333-17-000006	0			Live Esq, LLC														
0001692818-17-000002	0			Safety First Arms, Inc.														
0001695029-17-000005	0			WorkCar, Inc.														
0001665160-17-000225	0			LARADA SCIENCES INC	Corporation		DE	2006-02-20	154 E. MYRTLE AVE., SUITE 304		MURRAY	UT	84107	http://www.liceclinicsofamerica.com/	StartEngine Capital LLC	0001665160	007-00007	
0001644600-17-000129	1		Updating deadline to reach Target Offering Amount to 8-21-2017.	Count It Labs Inc.	Corporation		DE	2014-07-31	270 LAFAYETTE STREET	SUITE 1204	NEW YORK	NY	10012	www.countit.com	SI SECURITIES, LLC	0001603038	008-69440	000170937
0001669191-17-000073	0	End of offering		1787 Financial Corporation, Inc.	Corporation		DE	2016-02-01	155 Gibbs Street	4th Floor #553	Rockville	MD	20850	155 Gibbs Street	NetCapital Funding Portal Inc.	0001669191	007-00035	283596
0001670254-17-000170	0			Neurohacker Collective, LLC	Limited Liability Company		WY	2015-12-11	179 Calle Magdalena	Suite 100	Encinitas	CA	92024	http://neurohacker.com	Wefunder Portal LLC	0001670254	007-00033	283503
0001706024-17-000004	0		Amending the Form C to add investor perks.	Patrick Sherwin	Corporation		DE	2016-12-25	1217 Ellis St		Cincinnati	OH	45223	https://www.gosunstove.com/	SeedInvest, LLC	0001603038	008-69440	170937
0001665160-17-000224	1		Issuer has updated accountant reviewed financials, extended offering end date and increased maximum offering amount.	Xcraft Enterprises, LLC	Corporation		DE	2014-09-23	313 E SHERMAN AVE		COEUR D'ALENE	ID	83814	www.xcraft.io	StartEngine Capital, LLC	0001665160	007-00007	
0001695121-17-000004	0			Sievent, LLC														
0001644600-17-000128	1		We have extended our offering deadline.	CHRGR Inc.	Corporation		NY	2006-04-18	873 BROADWAY, SUITE 305		NEW YORK	NY	10003	www.chrgr.co	SI SECURITIES, LLC	0001603038	008-69440	000170937
0001695166-17-000004	0			Phrame, Inc.														
0001704091-17-000003	0		Disclosures 201(m)(2) and (m)(4) added.	360913 S Saratoga LLC	Limited Liability Company		DE	2017-03-31	1336 MAGAZINE ST STE 1		NEW ORLEANS	LA	70130	www.officejt.com	NSSC Funding Portal, LLC	0001665614	007-00012	
0001665160-17-000223	1		Amendment requires five business days to reconfirm	Next Future Transportation Inc.	Corporation		DE	2015-02-27	246 RACE STREET		SAN JOSE	CA	95126	http://www.next-future-mobility.com	StartEngine Capital, LLC	0001665160	007-00007	
0001665160-17-000222	1		Issuer is extending the end date and updating the offering terms with new minimum investor amount and perk levels.	Mi Ola, Inc	Corporation		NY	2012-01-25	21 ATLANTIC WALK		BREEZY POINT	NY	11697	http://mi-ola.com/	StartEngine Capital, LLC	0001665160	007-00007	
0001644600-17-000125	0			WhereBy.Us Enterprises, Inc	Corporation		FL	2014-07-08	1951 NW 7TH AVE SUITE 600	SUITE 600	MIAMI	FL	33136	www.whereby.us	SI SECURITIES, LLC	0001603038	008-69440	000170937
0001665160-17-000221	0		Extending the end date of the offering.	Next Future Transportation Inc.	Corporation		DE	2015-02-27	246 RACE STREET		SAN JOSE	CA	95126	http://www.next-future-mobility.com	StartEngine Capital, LLC	0001665160	007-00007	
0001686564-17-000008	0			LGBT Weddings, Inc.														
0001670254-17-000168	0			Quila Maria's Tequila Ria, LLC	Limited Liability Company		FL	2015-08-01	2904 Pointer Place		Seffner	FL	33584	https://www.quilamarias.com/	Wefunder Portal LLC	0001670254	007-00033	283503
0001665160-17-000220	0		Adjusted the minimum raise amount in updated offering document	K-Lawyers, Inc.	Corporation		DE	2016-01-17	350 Lincoln Road, Suite 3061		Miami Beach	FL	33139	www.k-lawyers.com	StartEngine Capital, LLC	0001665160	007-00007	
0001670254-17-000166	0			OODLES CORPORATION	Corporation		CA	2017-02-10	3626 Sandalford Way		San Ramon	CA	94582	http://www.oodlescorp.com	Wefunder Portal LLC	0001670254	007-00033	283503
0001445866-17-000869	0		New CEO, former CEO sold his shares to Darell Austin;	Bluurp, Inc	Corporation		DE	2016-09-20	704 BUSH STREET	SUITE 105	SAN FRANCISCO	CA	94108	bluurp.com	DreamFunded MarketPlace, LLC	0001670761	007-00037	6639970
0001644600-17-000123	0			Jauvtis Engineering, Inc.	Corporation		DE	2013-02-14	100 N HILL DR #23		BRISBANE	CA	94005	www.mondaymotorbikes.com				
0001665160-17-000218	0		Original filing conducted before completing StartEngine onboarding. Amended form C includes updated offering memorandum, screenshot, StartEngine investing process, offering terms and campaign end date.	K-Lawyers, Inc.	Corporation		DE	2016-01-17	350 Lincoln Road, Suite 3061		Miami Beach	FL	33139	www.k-lawyers.com	StartEngine Capital, LLC	0001665160	007-00007	
0001708099-17-000001	0			CF0006, LLC	Limited Liability Company		TX	2017-02-21	4550 POST OAK PL	STE 119	HOUSTON	TX	77027	cf0006.crudefunders.com	NORTH CAPITAL PRIVATE SECURITIES CORPORATION	0001496269	008-68648	000154559
0001644600-17-000121	0		Correcting Offering Memorandum	Count It Labs Inc.	Corporation		DE	2014-07-31	270 LAFAYETTE STREET	SUITE 1204	NEW YORK	NY	10012	www.countit.com	SI SECURITIES, LLC	0001603038	008-69440	000170937
0001701184-17-000004	0	The issuer has raised a total of $169,700 during the offering period. The actual processing time to confirm the commitments may take longer than the filing deadline, and the total amount is our best estimate at this time. The actual amount may be lower.		Bat Country, LLC	Limited Liability Company		CA	2015-04-14	4071 WATERHOUSE RD		OAKLAND	CA	94602	https://www.oaklandrecclub.com/	NextSeed US LLC	0001667892	007-00023	283225
0001644600-17-000119	0			Count It Labs Inc.	Corporation		DE	2014-07-31	270 LAFAYETTE STREET	SUITE 1204	NEW YORK	NY	10012	www.countit.com	SI SECURITIES, LLC	0001603038	008-69440	000170937
0001665160-17-000214	0			Filmio, Inc.	Corporation		DE	2016-02-08	5825 Oberlin Drive	Suite 5	San Diego	CA	92121	filmio.com	StartEngine Capital, LLC	0001665160	007-00007	
0001213900-17-006413	0			Snapwire Media, Inc.	Corporation		DE	2012-08-03	3905 STATE STREET, SUITE 7-510		SANTA BARBARA	CA	93105	www.snapwi.re				
0001670254-17-000163	0			VAUTE COUTURE, INC.	Corporation		DE	2017-05-25	114 Stanton  Street	Storefront	New York	NY	10002	http://VauteNYC.com	Wefunder Portal LLC	0001670254	007-00033	283503
0001709126-17-000001	0			Hear My Voice, Inc.	Corporation		FL	2015-10-13	1236 Oxbridge Drive		Lutz	FL	33549	https://hearmyvoice.com/	SI Securities, LLC	0001603038	008-69440	170937
0001686564-17-000007	0			LGBT Weddings, Inc.	Corporation		CA	2016-09-27	3353 HIGHWAY 49 SOUTH		MARIPOSA	CA	95338	http://www.lgbtweddings.com				
0001708725-17-000002	0			chirrp,Inc.	Corporation		FL	2017-05-23	9371 SW 78th CT		Miami	FL	33156	http://www.chirrp.ai/	SeedInvest, LLC	0001603038	008-69440	170937
0001670254-17-000161	1		Update perks and update contract.	PAYROLL4FREE.COM, LLC	Limited Liability Company		OH	2012-05-23	23297 Commerce Park		Beachwood	OH	44122	http://www.payroll4free.com	Wefunder Portal LLC	0001670254	007-00033	283503
0001670254-17-000159	0			CinemaDraft, LLC	Limited Liability Company		NV	2016-03-15	848 N. Rainbow Blvd.	Suite A7	Las Vegas	NV	89107	http://cinemadraft.co	Wefunder Portal LLC	0001670254	007-00033	283503
0001557286-17-000006	0			Napa Valley Limoncello Co, LLC	Limited Liability Company		CA	2009-02-13	2485 Stockton Steet		Napa	CA	94559	napadistillery.com	First Democracy VC	0001683054	007-00076	285360
0001684321-17-000005	1		Correct Offering deadline on this input screen to 09/30/2017 and amend use of proceeds. Disclose new URL to company website.	Italian Cafe, LLC	Limited Liability Company		IL	2014-07-14	21020 N. RAND RD., STE. C-4		LAKE ZURICH	IL	60047	www.goitaliancafe.com	crowdsourcefunded.com	0001667727	007-00027	
0001684321-17-000004	0			Italian Cafe, LLC	Limited Liability Company		IL	2014-07-14	21020 N. RAND RD., STE. C-4		LAKE ZURICH	IL	60047	www.goitaliancafellc.com				
0001644600-17-000117	0	$132,388 is our best estimate for the total amount of securities that will be sold.		Swiftmile, inc	Corporation		DE	2015-01-02	736 LAURELWOOD DR.		SAN MATEO	CA	94403	www.swiftmile.com	SI SECURITIES, LLC	0001603038	008-69440	000170937
0001644600-17-000115	0	$199,975 is our best estimate for the total amount of securities that will be sold.		NowRx, Inc.	Corporation		DE	2015-02-19	2224 OLD MIDDLEFIELD WAY, SUITE J		MOUNTAIN VIEW	NY	94043	www.nowrx.com	SI SECURITIES, LLC	0001603038	008-69440	000170937
0001665160-17-000211	0			Vibrant TV, L.L.C.	Limited Liability Company		IL	2011-08-15	990 Grove Street, Suite 300		Evanston	IL	60201	https://vibrant.tv	StartEngine Capital, LLC	0001665160	007-00007	
0001669191-17-000071	0		Extending the offering period	chronability, inc	Corporation		DE	2015-03-11	745 Atlantic Ave		Boston	MA	02111	www.chronability.com	NetCapital Funding Portal Inc.	0001669191	007-00035	283596
0001706939-17-000001	0			kulaBrands, Inc.	Corporation		DE	2016-05-25	16509 E ARROYO VISTA DR		FOUNTAIN HILLS	AZ	85268	kulabrands.com	truCrowd, Inc	0001667145	007-00015	
0001687516-17-000003	0	The Issuer raised approximately $904,000 during the offering period. Payments are still being processed; final number is yet to be determined.		Corsica Innovations, Inc.	Corporation		DE	2015-03-20	1806 14TH STREET RD		GREELEY	CO	80631	www.getleaf.co	SI Securities, LLC	0001603038	008-69440	170937
0001670254-17-000157	0			Avua Corporation	Corporation		DE	2011-03-03	284 Sullivan Pl		Brooklyn	NY	11225	http://www.avuacachaca.com.br	Wefunder Portal LLC	0001670254	007-00033	283503
0001670254-17-000156	0		Include video transcripts, changed deadline date to June 9, and updated business plan.	Minds Inc.	Corporation		DE	2011-10-03	PO Box 7681		Wilton	CT	06897	https://minds.com	Wefunder Portal LLC	0001670254	007-00033	283503
0001687688-17-000006	1		This amendment provides further elaboration on how the securities being offered are being valued.	Your Active World Holdings, Inc.	Corporation		FL	2016-07-25	735 ISLAND ESTATES		CLEARWATER	FL	33767	http://www.youractiveworld.com/	Mr. Crowd	0001666102	007-00042	284278
0001705517-17-000001	0			Herbal Compliance, CO	Corporation		AR	2017-01-26	281 LAKEWOOD DR		HORSESHOE LAKE	AR	72348	http://herbalcompiance.com	GrowthFountain Capital LLC	0001668506	007-00028	
0001522456-17-000005	1		Amending the Form C to update the campaign end date (no investments have yet been accepted), and to correct a typo in the Financial Discussion Section.	Richard Garriott de Cayeux	Corporation		DE	2009-09-24	3410 Far West Blvd	Suite 275	Austin	TX	78731	www.shroudoftheavatar.com	SeedInvest, LLC	0001603038	008-69440	170937
0001665160-17-000207	0	The total amount of securities sold is $70,032 and 5,836 shares.		Sondors Electric Car Co	Corporation		DE	2016-08-15	23823 MALIBU ROAD, SUITE 50 #129		MALIBU	CA	90265	http://gosondors.com	StartEngine Capital, LLC	0001665160	007-00007	
0001686564-17-000006	1		This amendment modifies the closing date of the offering, supplements the latest financial statements and independent accountants' review report, and provides further elaboration on how the securities being offered are being valued.	LGBT Weddings, Inc.	Corporation		CA	2016-09-27	3353 HIGHWAY 49 SOUTH		MARIPOSA	CA	95338	http://www.LGBTWeddings.com	Mr. Crowd	0001666102	007-00042	284278
0001686564-17-000005	1		This amendment modifies the closing date of the offering, supplements the latest financial statements and independent accountants' review report.	LGBT Weddings, Inc.	Corporation		CA	2016-09-27	3353 HIGHWAY 49 SOUTH		MARIPOSA	CA	95338	http://www.LGBTWeddings.com	Mr. Crowd	0001666102	007-00042	284278
0001644600-17-000113	0			Traveling Spoon	Corporation		DE	2013-07-24	PO BOX 40758		SAN FRANCISCO	CA	94140	www.travelingspoon.com				
0001669191-17-000070	0	End of offering		VirZOOM, Inc.	Corporation		DE	2015-02-13	56 JFK St.	Third Floor	Cambridge	MA	02138	www.virzoom.com	NetCapital Funding Portal Inc.	0001669191	007-00035	283596
0001669191-17-000069	0		Updated offering end date	SpaceoutVR, Inc.	Corporation		NY	2015-05-28	333 Broadway	Suite 430	Troy	NY	12180	spaceout	NetCapital Funding Portal Inc.	0001669191	007-00035	283596
0001644600-17-000110	0			Trikke Tech Inc.	Corporation		CA	2000-02-16	132 Easy St. Suite D1		BUELLTON	CA	93427	www.trikke.com; www.trikkerpatrol.com; www.trikkelev.com	SI SECURITIES, LLC	0001603038	008-69440	000170937
0001665160-17-000206	0	The total amount of securities sold in the offering was $143,622.50 with 41,035 shares sold.		Vios Nutrition, Inc.	Corporation		NC	2015-12-29	751 WEST FOURTH STREET	SUITE 120	WINSTON-SALEM	NC	27101	vioslife.com	StartEngine Capital LLC	0001665160	007-00007	
0001670254-17-000147	0			NIGHT FLIGHT, INC.	Corporation		DE	2017-01-31	1813 Worrington Street		Sarasota	FL	34231	http://nightflightplus.com	Wefunder Portal LLC	0001670254	007-00033	283503
0001522456-17-000003	0			Richard Garriott de Cayeux	Corporation		DE	2009-09-24	3410 Far West Blvd	Suite 275	Austin	TX	78731	www.shroudoftheavatar.com	SeedInvest, LLC	0001603038	008-69440	170937
0001665160-17-000205	1		Extended the deadline of the offering.	Alkane Truck Company, Inc	Corporation		SC	2011-02-07	1053 LONDON STREET		MYRTLE BEACH	SC	29577	www.alkanetruckcompany.com	StartEngine Capital, LLC	0001665160	007-00007	
0001669191-17-000068	0	End of offering		Master Renovations Associates, LLC	Limited Liability Company		FL	2016-08-01	7876 Mandarin Drive		Boca Raton	FL	33433	http://opensourcecap.com/?page_id=8592	NetCapital Funding Portal Inc.	0001669191	007-00035	283596
0001670254-17-000145	0			CAVU Biotherapies, Inc.	Corporation		DE	2015-07-22	5000 Gulf Fwy ERP Building 5 Rm 115		Houston	TX	77023	http://www.cavubiotherapies.com/	Wefunder Portal LLC	0001670254	007-00033	283503
0001670254-17-000143	0			Asanda Air II LLC	Limited Liability Company		NY	2016-09-29	515 Broadway	Suite 2AF	New York	NY	10012	http://www.asandaspa.com	Wefunder Portal LLC	0001670254	007-00033	283503
0001644600-17-000108	1		We have extended our offering deadline.	CHRGR Inc.	Corporation		NY	2006-04-18	873 BROADWAY, SUITE 305		NEW YORK	NY	10003	www.chrgr.co	SI SECURITIES, LLC	0001603038	008-69440	000170937
0001670254-17-000139	0			Block Chaser, Inc	Corporation		MA	2016-02-25	233 Cochituate Rd		Framingham	MA	01701	http://www.blockchaser.com	Wefunder Portal LLC	0001670254	007-00033	283503
0001670254-17-000141	0			Buying Collective Holdings Incorporated	Corporation		DE	2016-12-12	1450 South Blackhawk Boulevard		Mt. Pleasant	UT	84647	https://bchinc.com/	Wefunder Portal LLC	0001670254	007-00033	283503
0001669191-17-000067	0	End of offering		nFlate, Inc.	Corporation		DE	2014-01-01	11501 Dublin Blvd	Suite 200	Dublin	CA	94568	http://seeitbuy.it	NetCapital Funding Portal Inc.	0001669191	007-00035	283596
0001670254-17-000137	0			Chatter, LLC	Limited Liability Company		FL	2016-04-07	6801 collins ave #1201		miami	FL	33141	http://www.chatterforcharity.com	Wefunder Portal LLC	0001670254	007-00033	283503
0001665160-17-000204	1		Removed an executive from the management team	Vios Nutrition, Inc.	Corporation		NC	2015-12-29	751 WEST FOURTH STREET	SUITE 120	WINSTON-SALEM	NC	27101	vioslife.com	StartEngine Capital LLC	0001665160	007-00007	
0001665160-17-000201	0			GRACEDBYGRIT, INC.	Corporation		DE	2013-01-18	153 N. Highway 101, Suite #102		SOLANA BEACH	CA	92075	WWW.GRACEDBYGRIT.COM	StartEngine Capital, LLC	0001665160	007-00007	
0001665160-17-000199	1		Issuer has chosen to extend the deadline of their offering.	Zoi, Inc.	Corporation		DE	2017-01-06	611 N. COMMONWEALTH AVE		LOS ANGELES	CA	90004	http://whatiszoi.com	StartEngine Capital, LLC	0001665160	007-00007	
0001644600-17-000105	0			Likeable Local Inc.	Corporation		DE	2013-01-15	240 WEST 37TH STREET, 7TH FLOOR		NEW YORK	NY	10018	www.likeablelocal.com	SI SECURITIES, LLC	0001603038	008-69440	000170937
0001706950-17-000003	0			Bravo Bunny LLC	Limited Liability Company		DE	2017-05-12	11012 Ventura Blvd. #362		Studio City	CA	91604	www.simka.co	First Democracy VC	0001683054	007-00076	285360
0001644600-17-000102	0			GeoOrbital Inc.	Corporation		DE	2014-08-07	1 BROADWAY 14TH FLOOR		CAMBRIDGE	MA	02142	www.geoo.com	StartEngine Capital LLC	0001665160	007-00007	
0001665160-17-000197	0			Los Angeles SuperStars, Inc	Corporation		NV	2017-01-22	1055 West 7th Street	33rd Floor	Los Angeles	CA	90017	www.lasuperstarsbb.com	StartEngine Capital, LLC	0001665160	007-00007	
0001670254-17-000134	0			iGenApps Inc.	Corporation		DE	2012-03-26	7561 Ladson Terrace		Lake Worth	FL	33467	http://igenapps.com	Wefunder Portal LLC	0001670254	007-00033	283503
0001644600-17-000098	0			Level Therapy General Corp	Corporation		DE	2016-09-15	605 HAIGHT ST		SAN FRANCISCO	CA	94117	www.trylevel.com	SI SECURITIES, LLC	0001603038	008-69440	000170937
0001670254-17-000131	0			Cigloo, Inc.	Corporation		DE	2017-02-22	919 North Market St., Suite 425		Wilmington	DE	19801	http://www.cigloo.io	Wefunder Portal LLC	0001670254	007-00033	283503
0001665160-17-000194	0	The amount of securities at the close of the offering is 184,813 shares for the amount of $51,747.64.		qaZING, Inc.	Corporation		DE	2015-09-09	70 MAIN STREET	5TH FLOOR, SUITE 500	PETERBOROUGH	NH	03458	www.qazing.com	StartEngine Capital LLC	0001665160	007-00007	
0001644600-17-000096	1		Updating the target offering amount from $100,000 to $25,000.	Crema Co.	Corporation		DE	2015-02-13	548 MARKET STREET		SAN FRANCISCO	CA	94104	www.crema.co	SI SECURITIES, LLC	0001603038	008-69440	000170937
0001701417-17-000004	0	The issuer has raised a total of $67,400 during the offering period. The actual processing time to confirm the commitments may take longer than the filing deadline, and the total amount is our best estimate at this time. The actual amount may be lower.		Red Diamond Yoga 3500 LLC	Limited Liability Company		CA	2013-04-17	3500 OVERLAND AVE	SUITE 210	LOS ANGELES	CA	90034	https://www.reddiamondyoga.com/	NextSeed US LLC	0001667892	007-00023	283225
0001670254-17-000128	0			Welcome2 Inc.	Corporation		DE	2016-04-18	1 Broad Street	Unit 11	Salem	MA	01970	http://www.bushelapp.com	Wefunder Portal LLC	0001670254	007-00033	283503
0001670254-17-000127	0			Happy Tax Holding Corp														
0001698596-17-000004	1		Extending the offering deadline to June 30, 2017.	JRC Enterprises LLC. DBA Dental Fix RX	Limited Liability Company		MD	2017-01-04	322 Fairmount Drive		Edgewater	MD	21037	www.dentalfixrx.com	FundingWonder	0001680047	007-00070	285012
0001695816-17-000001	0			FenSens, Inc	Corporation		DE	2016-07-06	383 E. LAUREL RD		BELLINGHAM	WA	98226	http://fensens.com				
0001670254-17-000126	1		Include partial close language.	Scrap Connection, Inc.	Corporation		DE	2012-07-12	1828 Amos Drive		Muscle Shoals	AL	35661	http://www.scrapconnection.com	Wefunder Portal LLC	0001670254	007-00033	283503
0001670254-17-000125	1		Include 2016 financial statements. Amend profile to reflect correct growth rate. Extend deadline date to 9/1/17.	Chicago Steak Company, Inc.	Corporation		MD	2007-10-26	350 B  Christopher Ave		Gaithersburg	MD	20879	http://www.mychicagosteak.com	Wefunder Portal LLC	0001670254	007-00033	283503
0001644600-17-000094	0			Crema Co.	Corporation		DE	2015-02-13	548 Market Street		San Francisco	CA	94104	www.crema.co	SI SECURITIES, LLC	0001603038	008-69440	000170937
0001691477-17-000006	0			Cornerstone Kids, Inc.	Corporation		SC	2016-07-12	548 PINTAIL DR		AIKEN	SC	29803	www.aikencornerstonekids.com	Jumpstart Micro, Inc	0001664804	007-00008	
0001691477-17-000005	0	Successful completion of offering.  Closed the offering with $21,000.  Minimum investment level was $20,000		Cornerstone Kids, Inc.	Corporation		SC	2016-07-12	548 PINTAIL DR		AIKEN	SC	29803	www.aikencornerstonekids.com	Jumpstart Micro, Inc	0001664804	007-00008	
0001694994-17-000010	0		To file Exhibit C Slide Deck and the Exhibit E FlashFunders Offering Page	Big Cheese, Inc.	Corporation		DE	2016-09-16	990 BISCAYNE BLVD., SUITE 401		MIAMI	FL	33132	www.thegrilledcheesetruck.com	FlashFunders Funding Portal, LLC	0001665087	007-00009	
0001694994-17-000009	0			Big Cheese, Inc.	Corporation		DE	2016-09-16	990 BISCAYNE BLVD., SUITE 401		MIAMI	FL	33132	www.thegrilledcheesetruck.com	FlashFunders Funding Portal, LLC	0001665087	007-00009	
0001706216-17-000001	0			Noise Makers Studios	Limited Liability Company		CT	2017-01-06	26 CONNECTICUT MILLS AVE		DANIELSON	CT	06239	noisemakersstudios.com	GrowthFountain Capital LLC	0001668506	007-00028	
0001665160-17-000193	1		Extending offering by 60 days	Niveau Brands Inc.	Corporation		NV	2015-07-14	2120 University Ave		Berkeley	CA	94704	www.drinksmartenergy.com	StartEngine Capital, LLC	0001665160	007-00007	
0001704250-17-000001	0			Dumpling Bros, LLC	Limited Liability Company		TX	2015-06-22	7253 RAWLINS LANE		FRISCO	TX	75034	http://www.thedumplingbros.com/	NextSeed US LLC	0001667892	007-00023	283225
0001665160-17-000190	0			Yonduur, Inc	Corporation		DE	2017-04-07	8 The Green #A		Dover	DE	19901	www.Yonduur.com	StartEngine Capital, LLC	0001665160	007-00007	
0001672227-17-000003	0		Non material clerical changes	SMART RX SYSTEMS INC	Corporation		FL	2013-08-16	4290 South Highway 27	SUITE 101	Clermont	FL	34711	HTTPS://SMARTRXSYSTEMS.COM	Jumpstart Micro, Inc	0001664804	007-00008	
0001705130-17-000002	0			FETCHFIND, LLC	Limited Liability Company		DE	2013-09-10	1428 N WESTERN AVENUE		CHICAGO	IL	60622	https://www.fetchfind.com/	OpenDeal Inc.	0001672732	007-00046	283874
0001213900-17-005172	0			K-LAWYERS, INC.	Corporation		DE	2016-02-11	3851	POINCIANA AVE	MAIMI	FL	33133	www.k-lawyers.com	StartEngine Capital LLC	0001665160	007-00007	
0001695370-17-000003	0	The issuer raised $200,000.		Intero Restaurant LLC	Limited Liability Company		TX	2014-04-01	2612 EAST CESAR CHAVEZ STREET		AUSTIN	TX	78702	http://interorestaurant.com/	NextSeed US LLC	0001667892	007-00023	283225
0001687688-17-000005	1		This amendment modifies the Appendix A, Appendix B and Appendix C of the Offering Document.	Your Active World Holdings, Inc.	Corporation		FL	2016-07-25	735 ISLAND ESTATES		CLEARWATER	FL	33767	http://www.youractiveworld.com/	Mr. Crowd	0001666102	007-00042	284278
0001670254-17-000123	0		A glitch caused this C/A to be filed as a Form C on 2017-05-05. This amends the deadline for an early close and updates related party transaction disclosures. The correct deadline was 2017-05-11, but EDGAR limitations require us to set the date to today.	Happy Tax Holding Corp	Corporation		DE	2017-02-23	919 NORTH MARKET STREET	SUITE 425	WILMINGTON	DE	19801	https://GetHappyTax.com	Wefunder Portal LLC	0001670254	007-00033	283503
0001665160-17-000187	0			Sondors Electric Car Company	Corporation		DE	2016-08-15	23823 Malibu Road, Suite 50 #129		Malibu	CA	90265	http://gosondors.com	StartEngine Capital, LLC	0001665160	007-00007	
0001669191-17-000064	0			SpaceoutVR, Inc.	Corporation		NY	2015-05-28	333 Broadway	Suite 430	Troy	NY	12180	spaceout	NetCapital Funding Portal Inc.	0001669191	007-00035	283596
0001669191-17-000065	0			Caylent, Inc.	Corporation		DE	2015-08-07	415 Madison	4th Floor	New York	NY	10017	https://caylent.com	NetCapital Funding Portal Inc.	0001669191	007-00035	283596
0001669191-17-000066	0		Added video transcript	Sidekick Technologies, Inc.	Corporation		DE	2016-05-12	PO Box 756		Hingham	MA	02043	www.sidekickhome.com	NetCapital Funding Portal Inc.	0001669191	007-00035	283596
0001669191-17-000059	0			1787 Financial Corporation, Inc.	Corporation		DE	2016-02-01	155 Gibbs Street	4th Floor #553	Rockville	MD	20850	155 Gibbs Street	NetCapital Funding Portal Inc.	0001669191	007-00035	283596
0001670254-17-000121	0			PAYROLL4FREE.COM, LLC	Limited Liability Company		OH	2012-05-23	23297 Commerce Park		Beachwood	OH	44122	http://www.payroll4free.com	Wefunder Portal LLC	0001670254	007-00033	283503
0001665160-17-000186	0		Correct mistake with directors, and format offering memo.	Exploride Inc	Corporation		DE	2015-10-13	1111 Light Street, Betamore		Baltimore	MD	21030	www.exploride.com	StartEngine Capital, LLC	0001665160	007-00007	
0001644600-17-000091	0			Made on Main	Corporation		WY	2016-07-27	PO Box 5624		Redwood City	CA	94063	www.madeonmain.us	SI SECURITIES, LLC	0001603038	008-69440	000170937
0001670254-17-000120	0	$102,500.00 in investments. Payments are still being processed; final number is yet to be determined. The deadline date was set to today to work around an EDGAR glitch but the offering actually closed on 04-14-2017		Motoroso, Inc.	Corporation		DE	2013-08-01	1297 Manzanita Way		San Luis Obispo	CA	93401	http://www.motoroso.com	Wefunder Portal LLC	0001670254	007-00033	283503
0001670254-17-000119	1		Include language for rolling close.	PlantSnap Inc.	Corporation		NV	2016-06-16	473.5 West Colorado Ave.		Telluride	CO	81435	http://www.plantsnap.net	Wefunder Portal LLC	0001670254	007-00033	283503
0001706024-17-000002	0			Patrick Sherwin	Corporation		DE	2016-12-25	1217 Ellis St		Cincinnati	OH	45223	https://www.gosunstove.com/	SeedInvest, LLC	0001603038	008-69440	170937
0001670254-17-000118	1		Updated financial narrative and use of funds disclosures	Grease Box, LLC	Limited Liability Company		CA	2017-04-19	378 17th Street		Oakland	CA	94612	http://www.greaseboxoakland.com/	Wefunder Portal LLC	0001670254	007-00033	283503
0001687688-17-000004	0		This amendment modifies the Offering Document, Appendix A - BUSINESS AND ANTICIPATED BUSINESS PLAN	Your Active World Holdings, Inc.	Corporation		FL	2016-07-25	735 ISLAND ESTATES		CLEARWATER	FL	33767	http://www.youractiveworld.com/	Ksdaq Inc.	0001666102	007-00042	284278
0001701604-17-000004	0			Reimagining The Thing Formerly Known as The Box LLC	Limited Liability Company		TX	2016-07-07	2600 ESPERANZA XING #6429		AUSTIN	TX	78758	http://utopianshift.com/	NextSeed US LLC	0001667892	007-00023	283225
0001665160-17-000181	0			Caleigh and Clover, Inc.	Corporation		DE	2017-04-19	111 Chestnut Street		Burbank	CA	91506	www.caleighandclover.com	StartEngine Capital, LLC	0001665160	007-00007	
0001665160-17-000170	0		Extended the offering deadline 30 days.	Exploride, Inc.	Corporation		DE	2015-10-13	1111 LIGHT STREET, BETAMORE		BALTIMORE	MD	21030	www.exploride.com	StartEngine Capital, LLC	0001665160	007-00007	
0001665160-17-000168	0			Exploride Inc	Corporation		DE	2015-10-13	1111 Light Street, Betamore		Baltimore	MD	21030	www.exploride.com	StartEngine Capital, LLC	0001665160	007-00007	
0001665160-17-000174	0		Correct PDF so to avoid automatic deletion	Exploride Inc	Corporation		DE	2015-10-13	1111 Light Street, Betamore		Baltimore	MD	21030	www.exploride.com	StartEngine Capital, LLC	0001665160	007-00007	
0001701604-17-000001	0		Updating certain terms of the offering as described in the new disclosure statement.	Bat Country, LLC	Limited Liability Company		CA	2015-04-14	4071 WATERHOUSE RD		OAKLAND	CA	94602	https://www.oaklandrecclub.com/	NextSeed US LLC	0001667892	007-00023	283225
0001703108-17-000008	1		"Updated engagement agreement with the Issuer. Removed right of first refusal language on pg. 1 of pdf ""commission to intermediary."" Added 1 state on page 2 of the pdf."	Lab Cat Games LLC	Limited Liability Company		OR	2017-02-17	1854 KENT LANE		EUGENE	OR	97404	https://kitegame.wordpress.com/	MANORHAVEN CAPITAL LLC	0001058484	008-50911	000044965
0001691341-17-000008	1		"Updated engagement agreement with Issuer. Removed ""right of first refusal"" as part of commission to intermediary on page 1 of pdf. Added 1 state on page 2 of pdf."	Damsel Productions LLC	Limited Liability Company		DE	2016-08-17	8 THE GREEN	SUITE B	DOVER	DE	19901	www.damselgame.net	MANORHAVEN CAPITAL LLC	0001058484	008-50911	000044965
0001669191-17-000055	0	End of offering		New Slobbr, LLC	Limited Liability Company		DE	2017-01-11	14 Mitchell Pond Road		Windham	NH	03087	slobbr.com	NetCapital Funding Portal Inc.	0001669191	007-00035	283596
0001670254-17-000116	0			Grease Box, LLC	Limited Liability Company		CA	2017-04-19	378 17th Street		Oakland	CA	94612	http://www.greaseboxoakland.com/	Wefunder Portal LLC	0001670254	007-00033	283503
0001690888-17-000003	0			InGen Dynamics, Inc.	Corporation		DE	2015-07-21	2225 EAST BAYSHORE ROAD	100	PALO ALTO	CA	94303	www.aidorobot.com				
0001665160-17-000165	0			WindowMirror Inc	Corporation		IL	2014-08-02	5440 W BERTEAU	Suite 1	Chicago	IL	60641	www.windowmirror.org	StartEngine Capital, LLC	0001665160	007-00007	
0001696861-17-000002	0	The issuer has reached the maximum funding amount of $500,000.		CS Porters Partners, LP	Limited Partnership		TX	2017-01-12	800 TOWN AND COUNTRY BLVD	SUITE 200	HOUSTON	TX	77024	www.portersbutchery.com	NextSeed US LLC	0001667892	007-00023	283225
0001670254-17-000114	0			My Trail Company, PBC	Corporation		CO	2015-04-09	1418 Pearl Street		Boulder	CO	80302	http://mytrailco.com				
0001675554-17-000001	0			Vigilante Gaming Bar, LLC	Limited Liability Company		TX	2015-07-14	4102 AVENUE H #A		AUSTIN	TX	78751	http://vigilantebar.com/				
0001705954-17-000001	0		Change in the Escrow Agent associated with the Offering.  The new Escrow Agent associated with the Offering is Prime Trust, LLC.	madeBOS, Inc	Corporation		DE	2016-07-25	2481 60TH AVE		OAKLAND	CA	94605	www.madebos.com	OpenDeal Inc.	0001672732	007-00046	283874
0001680041-17-000001	0			Maternova, Inc.	Corporation		RI	2009-05-06	460 HARRIS AVENUE, SUITE 201		PROVIDENCE	RI	09209	https://maternova.net				
0001669191-17-000051	0	End of offering		dotSport LLC	Limited Liability Company		NY	2007-10-09	1140 Broadway	6th Floor	New York	NY	10001	www.dotsportllc.com	NetCapital Funding Portal Inc.	0001669191	007-00035	283596
0001686564-17-000004	1		This amendment modifies the closing date of the offering.	LGBT Weddings, Inc.	Corporation		CA	2016-09-27	3353 HIGHWAY 49 SOUTH		MARIPOSA	CA	95338	http://www.LGBTWeddings.com	Mr. Crowd	0001666102	007-00042	284278
0001670254-17-000111	1		Included reviewed 2016 financials. Updated use of funds. Extended deadline. Updated with 2016 operating results. Corrected one figure. Updated profile. Added early bird perk. Issuer borrowed another $50k from managing member.	Sam Lee Laundry LLC	Limited Liability Company		CA	2015-01-02	644 Broadway, Unit 10		San Francisco	CA	94133	http://www.thespeakeasysf.com/	Wefunder Portal LLC	0001670254	007-00033	283503
0001670254-17-000107	0	$427,232.00 in investments. Payments are still being processed; final number is yet to be determined. The deadline date was set to today to work around an EDGAR glitch but the offering actually closed on 04-17-2017		CrowdMed, Inc.	Corporation		DE	2012-10-31	548 Market Street #15731		San Francisco	CA	94104	https://www.crowdmed.com/	Wefunder Portal LLC	0001670254	007-00033	283503
0001670254-17-000112	0			Happy Tax Holding Corp	Corporation		DE	2017-02-23	919 NORTH MARKET STREET	SUITE 425	WILMINGTON	DE	19801	https://GetHappyTax.com	Wefunder Portal LLC	0001670254	007-00033	283503
0001670254-17-000113	0	$101,463.00 in investments. Payments are still being processed; final number is yet to be determined. The deadline date was set to today to work around an EDGAR glitch but the offering actually closed on 05-01-2017		Comic Blitz LLC	Limited Liability Company		DE	2014-03-27	2669 1/2 Waverly Drive		Los Angeles	CA	90039	https://www.comicblitz.com	Wefunder Portal LLC	0001670254	007-00033	283503
0001670254-17-000110	0			Sam Lee Laundry LLC														
0001664957-17-000009	0			madeBOS, Inc	Corporation		DE	2016-07-25	2481 60TH AVE		OAKLAND	CA	94605	www.madebos.com	OpenDeal Inc.	0001672732	007-00046	283874
0001670254-17-000104	0			XtractMor, Inc	Corporation		GA	2016-09-23	8 Redmond Court, NW		Rome	GA	30165	http://xtractmor.com	Wefunder Portal LLC	0001670254	007-00033	283503
0001705463-17-000001	0			Darling Media, Inc.	Corporation		DE	2017-04-25	2701 N. BROADWAY	3RD FLOOR	LOS ANGELES	CA	90031	www.darlingmagazine.org	FIRST DEMOCRACY VC	0001683054	007-00076	
0001670254-17-000102	0			Minds Inc.	Corporation		DE	2011-10-03	PO Box 7681		Wilton	CT	06897	https://minds.com	Wefunder Portal LLC	0001670254	007-00033	283503
0001644600-17-000089	0	$103,000 is our best estimate for the total amount of securities that will be sold.		Juhi LLC	Limited Liability Company		DE	2015-12-03	164 E. 61ST STREET	GROUND FLOOR	NEW YORK	NY	10065	www.juhicenter.com	SI SECURITIES, LLC	0001603038	008-69440	000170937
0001625242-17-000015	1		Extending the raise deadline for the investment.	SecurShade Inc	Corporation		DE	2016-05-15	8 LEROY RD		WILLISTON	VT	05495	http://gordonswindowdecor.com/securshade/	VENTURE.CO BROKERAGE SERVICES LLC	0001625242	008-69560	000173924
0001670254-17-000100	0			VoiceVoice, Inc. dba MaestroConference	Corporation		CA	2007-03-20	1025 3rd Street		Oakland	CA	94607	http://www.maestroconference.com				
0001665160-17-000161	1		Issuer is updating their incorrectly shown 2015 financials and adjustments to their campaign page (new team members, product and potential revenue source).	AnJeDa Fitness, Inc.	Corporation		DE	2015-11-03	1104 S HAYWORTH AVE		LOS ANGELES	CA	90035	https://www.fattofinish.com	AnJeDa Fitness, Inc.	0001665160	007-00007	
0001644600-17-000087	1		The deadline to reach the Target Date was extended.	Laugh Radio	Corporation		DE	2016-01-27	8 10TH STREET	#3506	SAN FRANCISCO	CA	94103	www.laughradio.com	SI SECURITIES, LLC	0001603038	008-69440	000170937
0001665160-17-000155	0			DNX7 Foods LLC	Limited Liability Company		DE	2015-09-25	120 S Houghton Rd	#138-273	Tucson	AZ	85748	https://dnxbar.com/	StartEngine Capital, LLC	0001665160	007-00007	
0001665160-17-000159	0			Vyllage, Inc.	Corporation		FL	2015-05-11	8290 Cleary Boulevard	Apartment 2916	Plantation	FL	33324	www.vyllage.net	StartEngine Capital, LLC	0001665160	007-00007	
0001670254-17-000098	0			DirectCare, Inc.	Corporation		CA	2013-08-14	9595 Wilshire Blvd.	Suite 406	Beverly Hills	CA	90212	http://www.kumbahealth.com	Wefunder Portal LLC	0001670254	007-00033	283503
0001669191-17-000049	0			Sidekick Technologies, Inc.	Corporation		DE	2016-05-12	PO Box 756		Hingham	MA	02043	www.sidekickhome.com	NetCapital Funding Portal Inc.	0001669191	007-00035	283596
0001644600-17-000085	0		The deadline to reach the Target Date was extended.	Laugh Radio	Corporation		DE	2016-01-27	8 10TH STREET	#3506	SAN FRANCISCO	CA	94103	www.laughradio.com	SI SECURITIES, LLC	0001603038	008-69440	000170937
0001644600-17-000083	0	$160,000 is our best estimate for the total amount of securities that will be sold.		FenSens, Inc	Corporation		DE	2016-07-06	383 E. LAUREL RD		BELLINGHAM	WA	98226	www.fensens.com	SI SECURITIES, LLC	0001603038	008-69440	000170937
0001665160-17-000153	0	Amount of securities sold at the close of the offering is $1,000,000.		Hylete	Corporation		CA	2012-03-26	560 STEVENS AVENUE		SOLANA BEACH	CA	92075	www.hylete.com	Hylete, Inc.	0001665160	007-00007	
0001670254-17-000096	1		Included reviewed 2016 financials. Updated use of funds. Extended deadline. Updated with 2016 operating results. Corrected one figure. Updated profile. Added early bird perk. Issuer borrowed another $50k from managing member.	Sam Lee Laundry LLC	Limited Liability Company		CA	2015-01-02	644 Broadway, Unit 10		San Francisco	CA	94133	http://www.thespeakeasysf.com/	Wefunder Portal LLC	0001670254	007-00033	283503
0001705496-17-000001	0			Stanley Grove LLC	Limited Liability Company		CA	2017-02-24	21 GRANDVIEW AVE		IRVINE	CA	92603	www.stanleygrove.com	MinnowCfunding LLC	0001665872	007-00020	
0001665160-17-000151	0	The amount of securities sold at the close of the offering is 17,001 shares for an amount of $170,010.		ITFT, INC.	Corporation		NC	2013-06-05	18400 DEMBRIDGE DRIVE		DAVIDSON	NC	28036	http://itftsolutions.com/	StartEngine Capital, LLC	0001665160	007-00007	
0001665160-17-000152	0	Amount of securites sold at the close of the offering was $15,400.		Bargible Inc.	Corporation		CA	2015-11-01	10144 CULVER BLVD.	UNIT 4	CULVER CITY	CA	90232	http://bargible.com/	StartEngine Capital LLC	0001665160	007-00007	
0001665160-17-000150	0	The amount of securities sold at the close of the offering is 97,556 shares for an amount of $195,112.		Jauvtis Engineering, Inc.	Corporation		DE	2013-02-14	100 N HILL DR #23		BRISBANE	CA	94005	www.mondaymotorbikes.com	StartEngine Capital, LLC	0001665160	007-00007	
0001477932-17-002043	0			WOLFPRINT 3D INC	Corporation		DE	2016-08-18	160 GREENTREE DRIVE, SUITE 101		DOVER	DE	19904	www.wolfprint3d.com				
0001667014-17-000002	0			Big Brother Holding Company, LLC														
0001665160-17-000149	0	The amount of securities sold at the close of the offering is 11,109 shares for an amount of $574,672.00.		Gotham Ballers, Inc.	Corporation		NY	2016-02-26	225 WEST 34TH STREET 9TH FLOOR		NEW YORK	NY	10122	www.gothamballers.com	StartEngine Capital, LLC	0001665160	007-00007	
0001702939-17-000003	0		Replacing previously filed compiled financial statements with reviewed financial statements, updating financial information based on said statements and correcting errors in target number of securities, indebtedness, employee count and signatory title.	Ondello, Inc.	Corporation		DE	2013-03-22	101 CALIFORNIA STREET	SUITE 2710	SAN FRANCISCO	CA	10022	https://www.hellomd.com/	SI Securities, LLC	0001603038	008-69440	170937
0001694994-17-000008	0	Offering on Democracy VC MicroVentures platform completed and terminated.  Amount raised: $184,363; Commissions to Democracy VC: $12,905.41; Warrants to Democracy VC valued at $3,687.26; Net proceeds to Company: $171,457.59.		Big Cheese, Inc.	Corporation		DE	2016-09-16	990 BISCAYNE BLVD., SUITE 401		MIAMI	FL	33132	www.thegrilledcheesetruck.com	FIRST DEMOCRACY VC	0001683054	007-00076	285360
0001493152-17-004639	0			Baqua Inc.	Corporation		DE	2014-03-14	325 W MAIN ST THIRD FLOOR		LEXINGTON	KY	40507	http://baqua.com				
0001670254-17-000089	0			TAXA Biotechnologies Inc	Corporation		DE	2012-03-08	665 3rd Street	Ste 230	San Francisco	CA	94107	http://www.taxa.com				
0001647869-17-000001	0			RaceYa, Inc.	Corporation		DE	2014-04-07	175 VARICK STREET		NEW YORK	NY	10014	www.raceya.com				
0001670254-17-000091	0			VetPronto - Mobile Veterinarians Inc.	Corporation		DE	2014-05-21	113 Ripley		San Francisco	CA	94110	http://www.vetpronto.com				
0001573591-17-000002	0			Sol Boards, Inc.	Corporation		OR	2013-03-06	1001 SW EMKAY DR	SUITE 100	BEND	OR	97702	www.golfboard.com				
0001684972-17-000003	0			Collective HTX, LLC	Limited Liability Company		TX	2015-04-24	2001 COMMERCE ST	STE. 200	HOUSTON	TX	77002	http://www.thecoophtx.co/				
0001684972-17-000002	0			Two A&H Entertainment, LLC	Limited Liability Company		DE	2016-02-17	545 POST STREET		SAN FRANCISCO	CA	94102	www.ramblersf.com				
0001670254-17-000093	0		Include reviewed 2016 financials. Update year-end numbers. Extend deadline date.	Scrap Connection, Inc.	Corporation		DE	2012-07-12	1828 Amos Drive		Muscle Shoals	AL	35661	http://www.scrapconnection.com	Wefunder Portal LLC	0001670254	007-00033	283503
0001206774-17-001525	0			Gotham Ballers, Inc.	Corporation		NY	2016-09-16	225 WEST 34TH STREET 9TH FLOOR		NEW YORK	NY	10122	www.gothamballers.com				
0001670254-17-000094	1		Update with 2016 financial statements. Update with partial close language. Update year-end numbers. Extend deadline date.	MilTec Platform, Inc.	Corporation		GA	2014-06-05	3805 Crestwood Parkway	Suite 350	Duluth	GA	30096	http://www.vodi.io	Wefunder Portal LLC	0001670254	007-00033	283503
0001694974-17-000003	0	$500,000 in investments. Payments are still being processed; final number is yet to be determined.		Field Guide to Evil, LLC	Limited Liability Company		DE	2016-12-19	160 GREENTREE DRIVE, SUITE 101		DOVER	TX	19904	www.fieldguidetoevil.com	First Democracy VC	0001683054	007-00076	285360
0001665160-17-000148	0			Green Sense Farms, LLC	Limited Liability Company		IN	2012-09-24	6525 DANIEL BURNHAM DR	SUITE B	PORTAGE	IN	46368	http://www.greensensefarms.com/				
0001644600-17-000080	0			MF Fire, Inc.	Corporation		DE	2014-04-23	1400 GREENMOUNT AVE		BALTIMORE	MD	21202	www.mffire.com				
0001684972-17-000001	0			Flying Nun Collective, LLC	Limited Liability Company		TX	2016-09-15	223 EAST 11TH ST		HOUSTON	TX	77008	www.citizenpilates.com				
0001670254-17-000088	0			Beta Bionics, Inc.	Corporation		MA	2015-10-21	Business Innovation Center	8 Saint Mary's Street, Suite 936	Boston	MA	02215	http://www.betabionics.org				
0001699129-17-000002	0			Chores R Us LLC	Limited Liability Company		DE	2016-05-25	222 W MERCHANDISE MART PLAZA	SUITE1212	CHICAGO	IL	60654	www.chorerelief.com				
0001674180-17-000002	0			Native Hostel Austin LLC	Limited Liability Company		TX	2016-03-31	807 E. 4TH STREET		AUSTIN	TX	78702	nativehostels.com				
0001678705-17-000001	0			One Technologies, Inc	Corporation		DE	2016-05-26	18 10th Street, #2229		SAN FRANCISCO	CA	94103	tryoneapp.com				
0001691774-17-000003	0			Texas Zebo, L.L.C.	Limited Liability Company		TX	2001-11-30	218 W. FOURTH STREET		AUSTIN	TX	78701	halcyoncoffeebar.com				
0001690042-17-000002	0			BeatStars Inc.	Corporation		DE	2016-11-09	5816 VAN WINKLE LANE		AUSTIN	TX	78739	www.beatstars.com				
0001690909-17-000003	0			Ellison Eyewear, Inc	Corporation		DE	2014-03-19	314 WEST INSTITUTE PLACE	LOFT 2E	CHICAGO	IL	60610	www.WearEllison.com				
0001647487-17-000002	0			Republic Restoratives LLC	Limited Liability Company		DC	2013-10-29	1369 NEW YORK AVENUE, NE		WASHINGTON	DC	20002	republicrestoratives.com				
0001697047-17-000004	0	$165,006 in investments. Payments are still being processed; final number is yet to be determined.		Tasty Minstrel Games, LLC	Limited Liability Company		UT	2009-03-11	4883A OLD HIGHWAY ROAD		MOUNTAIN GREEN	UT	84050	http://www.playtmg.com	First Democracy VC	0001683054	007-00076	285360
0001691774-17-000002	0	$347,113 in investments. Payments are still being processed; final number is yet to be determined.		Texas Zebo, L.L.C.	Limited Liability Company		TX	2001-11-30	218 W. FOURTH STREET		AUSTIN	TX	78701	http://halcyoncoffeebar.com/	First Democracy VC	0001683054	007-00076	285360
0001696993-17-000003	0	$107,733 in investments. Payments are still being processed; final number is yet to be determined.		ALCHEMA INC.	Corporation		DE	2015-11-25	479 JESSIE ST		SAN FRANCISCO	CA	94103	www.alchema.com	FIRST DEMOCRACY VC	0001683054	007-00076	285360
0001644600-17-000079	0			Alkane Truck Company, Inc	Corporation		SC	2011-02-07	1053 LONDON STREET		MYRTLE BEACH	SC	29577	www.alkanetruckcompany.com				
0001684715-17-000001	0			Sugar Refinery, LLC	Limited Liability Company		TX	2016-08-18	2248 TEXAS DRIVE		SUGAR LAND	TX	77479	http://thesugarrefinerybar.com/				
0001664526-17-000003	0			PLAY IMPOSSIBLE CORP	Corporation		DE	2014-04-04	111 S. JACKSON STREET		SEATTLE	WA	98104	www.playimpossible.com				
0001571049-17-004254	0			Vios Nutrition, Inc.	Corporation		NC	2015-12-29	751 WEST FOURTH STREET	SUITE 120	WINSTON-SALEM	NC	27101	www.vioslife.com				
0001676480-17-000001	0			Brewer's Table - East Austin, LLC	Limited Liability Company		TX	2017-05-01	4715 EAST 5TH ST		AUSTIN	TX	78702	http://caskandcoal.com/				
0001656615-17-000003	0			qaZING, Inc.	Corporation		DE	2015-09-10	70 MAIN STREET	5TH FLOOR, SUITE 500	PETERBOROUGH	NH	03458	www.kazingapp.com				
0001144204-17-023611	0			ITFT, INC.	Corporation		NC	2013-06-05	18400 DEMBRIDGE DRIVE		DAVIDSON	NC	28036	http://itftsolutions.com/				
0001644600-17-000077	0			Hylete	Corporation		CA	2012-05-26	560 STEVENS AVENUE		SOLANA BEACH	CA	92075	www.hylete.com				
0001611945-17-000002	0			Art Craft Entertainment, Inc.	Corporation		DE	2013-05-20	815 A BRAZOS ST #313		AUSTIN	TX	78701	www.crowfall.com				
0001674421-17-000002	0			Bloomery Investment Holdings, LLC	Limited Liability Company		WV	2014-09-22	16357 CHARLES TOWN ROAD		CHARLES TOWN	WV	25414	www.bloomerysweetshine.com				
0001699129-17-000001	0			Chores R Us LLC	Limited Liability Company		DE	2016-05-25	222 W MERCHANDISE MART PLAZA	SUITE1212	CHICAGO	IL	60654	www.chorerelief.com				
0001665160-17-000147	1		Updated the offering with 2016 financials	Alkane Truck Company, Inc	Corporation		SC	2011-02-07	1053 LONDON STREET		MYRTLE BEACH	SC	29577	www.alkanetruckcompany.com	StartEngine Capital, LLC	0001665160	007-00007	
0001644600-17-000074	0			GoFish Cam, Inc.	Corporation		DE	2015-11-02	4600 COMMANDERS POINT DRIVE		AUSTIN	TX	78734	www.gofishcam.com				
0001684220-17-000002	0			Community Ventures	Corporation		CA	2008-11-12	4388 LORREN DRIVE		FREMONT	CA	94536	www.c-ventures.org				
0001679373-17-000002	0			Farm From a Box Inc.	Corporation		CA	2012-02-06	101 THE EMBARCADERO #214		SAN FRANCISCO	CA	94105	www.farmfromabox.com				
0001679372-17-000001	0			Youngry, LLC	Limited Liability Company		DE	2016-06-14	4590 MACARTHUR BLVD, STE 500		NEWPORT BEACH	CA	92660	www.youngry.com				
0001688072-17-000002	0			GOODMEETS, INC	Corporation		DE	2013-10-01	180 CAPP STREET	3RD FLOOR	SAN FRANCISCO	CA	94110	joinwhim.com				
0001688786-17-000001	0			Jetpack Aviation Corp	Corporation		DE	2016-09-14	14218 AETNA STREET		VAN NUYS	CA	91401	www.jetpackaviation.com				
0001699630-17-000006	0			Angelei, llc														
0001693526-17-000006	0	The Issuer raised approximately $83,325 during the offering period. Payments are still being processed; final number is yet to be determined.		Skillmil, Inc.	Corporation		DE	2016-02-11	103 VIA SANTA CRUZ		JUPITER	FL	33458	www.skillmil.com	OpenDeal Inc.	0001672732	007-00046	283874
0001665160-17-000146	0		Issuer has updated offering with 2016 financials.	Niveau Brands, Inc.	Corporation		NV	2015-07-14	2120 UNIVERSITY AVE		BERKELEY	CA	94704	www.drinksmartenergy.com	StartEngine Capital, LLC	0001665160	007-00007	
0001670254-17-000085	0			Designer Solutions Inc.	Corporation		DE	2014-08-18	140 South Blvd		San Mateo	CA	94062	https://www.designerinc.com/	Wefunder Portal LLC	0001670254	007-00033	283503
0001670254-17-000084	0		Updated to include 2016 financials, and extended deadline date to June 30.	FAFCO, INC.	Corporation		CA	1972-03-17	435 Otterson Drive		Chico	CA	95928	http://www.fafco.com	Wefunder Portal LLC	0001670254	007-00033	283503
0001665160-17-000144	1		Issuer is updating offering with 2016 financials.	qaZING, Inc.	Corporation		DE	2015-09-09	70 MAIN STREET	5TH FLOOR, SUITE 500	PETERBOROUGH	NH	03458	www.qazing.com	StartEngine Capital LLC	0001665160	007-00007	
0001669191-17-000046	0			Lawrence Hunt Fashion, Inc.	Corporation		MI	2016-09-09	801 PARK AVE.		ROYAL OAK	MI	48067	lawrencehuntfashion.com				
0001670254-17-000082	0			Brewtex LLC	Limited Liability Company		TX	2016-09-28	1431 County Road 264		Bertram	TX	78605	http://www.LazyTreeRanch.com	Wefunder Portal LLC	0001670254	007-00033	283503
0001665160-17-000145	1		Issuer is including their updated 2016 financials	AnJeDa Fitness, Inc.	Corporation		DE	2015-11-03	1104 S HAYWORTH AVE		LOS ANGELES	CA	90035	https://www.fattofinish.com	AnJeDa Fitness, Inc.	0001665160	007-00007	
0001704461-17-000001	0			cPay LLC	Limited Liability Company		NV	2017-04-07	4207 SE WOODSTOCK	SUITE 292	PORTLAND	OR	97206	www.cpay.us	GRIDSHARE LLC	0001665812	007-00018	
0001669191-17-000047	0			Kindred Brands, Inc.	Corporation		DE	2015-10-15	425 WASHINGTON ST	SUITE 5	BRIGHTON	MA	02135	troupejewelry.com				
0001670254-17-000079	0			WhiteClouds Inc.	Corporation		UT	2013-01-18	766 South Depot Drive	Suite 8	Ogden	UT	84404	https://www.whiteclouds.com/	Wefunder Portal LLC	0001670254	007-00033	283503
0001206774-17-001500	0			Service unavailable.  Try again later.	Corporation		NY	2016-09-16	225 WEST 34TH STREET 9TH FLOOR		NEW YORK	NY	10122	www.gothamballers.com				
0001670254-17-000081	1		Changed offering terms, updated financial condition, risks, business plan and contracts.	Ridgemont Outfitters, Inc.	Corporation		CA	2013-11-05	2525 Cherry Avenue	Suite 375	Signal Hill	CA	90755	http://ridgemontoutfitters.com/	Wefunder Portal LLC	0001670254	007-00033	283503
0001669191-17-000045	0			Court Innovations Inc	Corporation		DE	2014-01-27	213 S. ASHLEY ST.	SUITE 200	ANN ARBOR	MI	48104	getmatterhorn.com				
0001670254-17-000078	0		Changed deadline date to May 1, and updated business plan.	Powell Development Group, Inc.	Corporation		NV	2013-03-20	2600 W. 225th Street		Torrance	CA	90505	http://www.galacticcap.com	Wefunder Portal LLC	0001670254	007-00033	283503
0001670254-17-000076	0		Changed deadline date to April 30, and updated business plan.	Charron Favreau L.L.C.	Limited Liability Company		CA	2011-08-12	4682 Calle Bolero	Unit B	Camarillo	CA	93012	http://www.chareau.us	Wefunder Portal LLC	0001670254	007-00033	283503
0001690888-17-000002	0			InGen Dynamics, Inc.	Corporation		DE	2015-07-21	2225 EAST BAYSHORE ROAD	100	PALO ALTO	CA	94303	www.aidorobot.com				
0001656615-17-000002	0			qaZING, Inc.	Corporation		DE	2015-09-10	70 MAIN STREET	5TH FLOOR, SUITE 500	PETERBOROUGH	NH	03458	www.kazingapp.com				
0001670254-17-000074	0			Texas Beer Company LLC	Limited Liability Company		TX	2013-03-28	201 N Main St		Taylor	TX	76574	http://texasbeerco.com	Wefunder Portal LLC	0001670254	007-00033	283503
0001670254-17-000073	0		Changed deadline date to May 1, and updated business plan.	Hawaiian Ola Brewing Corporation	Corporation		HI	2015-12-22	89-1368 MAMALAHOA HWY		Captain Cook	HI	96704	http://www.hawaiianola.com	Wefunder Portal LLC	0001670254	007-00033	283503
0001694994-17-000006	0			Big Cheese, Inc.	Corporation		DE	2016-09-16	990 BISCAYNE BLVD., SUITE 401		MIAMI	FL	33132	www.thegrilledcheesetruck				
0001672227-17-000002	0			SMART RX SYSTEMS INC	Corporation		FL	2013-08-16	5700 RED BUG LAKE RD	SUITE 256	WINTER SPRINGS	FL	32708	HTTPS://SMARTRXSYSTEMS.COM	Jumpstart Micro, Inc	0001664804	007-00008	
0001644600-17-000071	0			PT Motion Works, Inc.	Corporation		DE	2009-08-13	740 E. SOLANA CIRCLE		SOLANA BEACH	CA	92075	www.elliptigo.com				
0001644600-17-000069	0		To extend the closing date and modify the over subscription amount.	SEPARATE.US	Corporation		DE	2014-10-29	4096 PIEDMONT AVENUE	#325	OAKLAND	CA	94611	www.seperate.us.com	SI SECURITIES, LLC	0001603038	008-69440	000170937
0001670254-17-000072	0	The final number is $169,611.00 in investments. The deadline date was set to today to work around an EDGAR glitch but the offering actually closed on 11-03-2016		Ohos, Inc.	Corporation		CO	2016-01-20	3001 Brighton Blvd, Suite 537		Denver	CO	80216	http://www.myohos.com	Wefunder Portal LLC	0001670254	007-00033	283503
0001651835-17-000001	0			Cleveland Whiskey LLC	Limited Liability Company		OH	2009-07-08	1768 E. 25TH ST		CLEVELAND	OH	44114	http://clevelandwhiskey.com/				
0001669191-17-000044	0		Cleaned PDF Attachments	Zelgor Inc	Corporation		DE	2012-08-03	745 Atlantic Ave		Boston	MA	02111	zelgor.com	NetCapital Funding Portal Inc.	0001669191	007-00035	283596
0001669191-17-000042	0			Zelgor Inc	Corporation		DE	2012-08-03	745 Atlantic Ave		Boston	MA	02111	zelgor.com	NetCapital Funding Portal Inc.	0001669191	007-00035	283596
0001644600-17-000067	0			Traveling Spoon	Corporation		DE	2013-07-24	PO BOX 40758		SAN FRANCISCO	CA	94140	www.travelingspoon.com				
0001665160-17-000143	0			AnJeDa Fitness, Inc.	Corporation		DE	2015-11-03	1104 S HAYWORTH AVE		LOS ANGELES	CA	90035	https://fattofinish.com				
0001693526-17-000005	0		Updating the financial statements attached as Exhibit B to the Issuer's Form C to include statements of operations, stockholders' equity and cash flows.	Skillmil, Inc.	Corporation		DE	2016-02-11	103 VIA SANTA CRUZ		JUPITER	FL	33458	www.skillmil.com	OpenDeal Inc.	0001672732	007-00046	283874
0001656615-17-000001	0			qaZING, Inc.	Corporation		DE	2015-09-10	70 MAIN STREET	5TH FLOOR, SUITE 500	PETERBOROUGH	NH	03458	www.kazingapp.com				
0001665160-17-000142	0		Platform error when populating Form C offering document	Next Future Transportation inc.	Corporation		DE	2015-02-27	246 Race Street		San Jose	CA	95126	http://www.next-future-mobility.com	StartEngine Capital, LLC	0001665160	007-00007	
0001670254-17-000071	1		Include CPA reviewed financials for 2015 and 2016. Raised the maximum goal to $350,000. Extended deadline date. Included information about related party transaction.	Urban Juncture, Inc.	Corporation		IL	2003-11-12	4245 S. King Dr.		Chicago	IL	60653	http://www.urbanjuncture.com/	Wefunder Portal LLC	0001670254	007-00033	283503
0001665160-17-000139	0	The total dollar amount of securities sold in the Jetpack Aviation Corp offering is $242,558.55.		Jetpack Aviation Corp	Corporation		CA	2016-09-01	14218 AETNA STREET		VAN NUYS	CA	91401	http://jetpackaviation.com/	Jetpack Aviation	0001665160	007-00007	
0001670254-17-000069	0	The final number is $84,670.00 in investments. The deadline date was set to today to work around an EDGAR glitch but the offering actually closed on 11-22-2016		One Technologies, Inc.	Corporation		DE	2016-05-26	100 Mcallister St Apt 1908		San Francisco	CA	94102	http://tryoneapp.com	Wefunder Portal LLC	0001670254	007-00033	283503
0001670254-17-000070	0	The final number is $57,500.00 in investments. The deadline date was set to today to work around an EDGAR glitch but the offering actually closed on 10-11-2016		Do., LLC	Limited Liability Company		MN	2012-02-12	444 W. Willis St.	#103	Detroit	MI	48201	http://www.bogobrush.com/	Wefunder Portal LLC	0001670254	007-00033	283503
0001665160-17-000140	0	The total amount of securities sold in this offering is $14,400.		Better World Spirits Inc	Corporation		PA	2015-03-05	155 W MARKET ST		YORK	PA	17401	www.betterworldspirits.com	Better World Spirits Inc	0001665160	007-00007	
0001701418-17-000005	1		Added CEO certification of financial statements. Added notes to the financial statements. Corrected incorporation to LLC.	BlueHollar, LLC	Limited Liability Company		MO	2014-12-18	6901 W. 135TH ST		GRANDVIEW	MO	64030	bluehollar.com	GrowthFountain Capital LLC	0001668506	007-00028	
0001683872-17-000004	0			Sondors Electric Car Co	Corporation		DE	2016-08-15	23823 MALIBU ROAD, SUITE 50 #129		MALIBU	CA	90265	www.sondorselectriccar.com				
0001691477-17-000004	1		This amendment is to change the financial statement headings from Aikens Cornerstone Kids, Inc to Cornerstone Kids, Inc which is the official name of the Corporation.  Aikens was added in error	Cornerstone Kids, Inc.	Corporation		SC	2016-07-12	548 PINTAIL DR		AIKEN	SC	29803	www.aikencornerstonekids.com	Jumpstart Micro, Inc	0001664804	007-00008	
0001704091-17-000001	0			360913 S Saratoga LLC	Limited Liability Company		DE	2017-03-31	1336 MAGAZINE ST STE 1		NEW ORLEANS	LA	70130	www.officejt.com	NSSC Funding Portal, LLC	0001665614	007-00012	
0001691341-17-000007	0		Added 2 states to pg. 2 of the pdf. Fixed typo on pg. 22	Damsel Productions LLC	Limited Liability Company		DE	2016-08-17	8 THE GREEN	SUITE B	DOVER	DE	19901	www.damselgame.net	MANORHAVEN CAPITAL LLC	0001058484	008-50911	000044965
0001703108-17-000007	0		Added two states to pg. 2 of the pdf	Lab Cat Games LLC	Limited Liability Company		OR	2017-02-17	1854 KENT LANE		EUGENE	OR	97404	https://kitegame.wordpress.com/	MANORHAVEN CAPITAL LLC	0001058484	008-50911	000044965
0001670254-17-000066	0			ZipZap, Inc.	Corporation		CA	2006-08-07	21 Orinda Way, #C-260		Orinda	CA	94563	http://zipzap.me/	Wefunder Portal LLC	0001670254	007-00033	283503
0001670254-17-000068	1		CEO is temporarily moving to part-time, a CFO was added, and 2 new part-time employees were added. Deadline date moved forward to May 1, 2017	Comic Blitz LLC	Limited Liability Company		DE	2014-03-27	2669 1/2 Waverly Drive		Los Angeles	CA	90039	https://www.comicblitz.com	Wefunder Portal LLC	0001670254	007-00033	283503
0001644600-17-000064	0			Legion M Entertainment, Inc.	Corporation		DE	2016-03-04	6425 CHRISTIE AVE. 5TH FLOOR		EMERYVILLE	CA	94608	www.thelegionm.com				
0001670254-17-000065	0		Move deadline date to 4/30. Include transcript for video. Include latest business plan.	Somogyi AgTech LLC dba Anikona Farm	Limited Liability Company		HI	2013-08-27	75-1181 Keopu Mauka Drive		Holualoa	HI	96725	http://www.anikona.com	Wefunder Portal LLC	0001670254	007-00033	283503
0001670254-17-000064	0			Somogyi AgTech LLC dba Anikona Farm														
0001693725-17-000001	0		Additional exhibit of transcripts for videos included in issuer campaign.	Instaparty, LLC	Limited Liability Company		DE	2013-09-11	1401 HUDSON STREET	STE #1105	HOBOKEN	NJ	07030	https://venueapp.io	GrowthFountain Capital LLC	0001668506	007-00028	
0001670254-17-000062	0			Rental Marketplace, LLC	Limited Liability Company		DE	2015-07-06	14431 Ventura Blvd. # 232		Sherman Oaks	CA	91423	https://www.rentus.com	Wefunder Portal LLC	0001670254	007-00033	283503
0001691942-17-000004	0		Addition of year-end 2016 financials.	Voyage Media Inc.	Corporation		CA	2004-01-05	4223 GLENCOE AVE SUITE B119		MARINA DEL REY	CA	90292	www.voyagemedia.com	Wefunder Portal LLC	0001670254	007-00033	283503
0001644600-17-000062	1		Amend administrative errors regarding the terms of the notes	Flickswitch LLC	Limited Liability Company		PA	2011-01-01	957 FLEMINGTON ST.		PITTSBURGH	PA	15217	www.usetopscore.com	SI SECURITIES, LLC	0001603038	008-69440	000170937
0001670254-17-000060	0			Somogyi AgTech LLC dba Anikona Farm	Limited Liability Company		HI	2013-08-27	75-1181 Keopu Mauka Drive		Holualoa	HI	96725	http://www.anikona.com	Wefunder Portal LLC	0001670254	007-00033	283503
0001695260-17-000005	0		Adjusted Certified Financial Statement from CEO.  Mentioned filing tax returns, but none have been filed since company stated in late 2016	Claims Detectives, Inc.	Corporation		GA	2016-11-30	421 BLOOMBRIDGE WAY		MARIETTA	GA	30066	www.theclaimsdetectives.com	Jumpstart Micro, Inc	0001664804	007-00008	
0001670254-17-000058	0			Powur, PBC	Corporation		DE	2014-01-02	2683 Via De La Valle	#321G	Del Mar	CA	92014	http://powur.com/	Wefunder Portal LLC	0001670254	007-00033	283503
0001665160-17-000135	0			Mi Ola, Incorporated	Corporation		NY	2012-01-25	21 Atlantic Walk		Breezy Point	NY	11697	http://mi-ola.com/	StartEngine Capital, LLC	0001665160	007-00007	
0001665160-17-000137	0	Ingen Dynamics, Inc closed with a total investment amount of $182,847.39		InGen Dynamics, Inc.	Corporation		DE	2015-07-21	2225 EAST BAYSHORE ROAD	100	PALO ALTO	CA	94303	http://aidorobot.com/	StartEngine Capital LLC	0001665160	007-00007	
0001665160-17-000138	0		Corrected an incorrect end date	Storiad, Inc.	Corporation		CA	2010-03-13	961 E. California Blvd. #327		Pasadena	CA	91106	http://storiad.com	StartEngine Capital, LLC	0001665160	007-00007	
0001683872-17-000001	0			Sondors Electric Car Co	Corporation		DE	2016-08-15	23823 Malibu Road, Suite 50 #129		MALIBU	CA	90265	www.sondorselectriccar.com				
0001703991-17-000001	0			FUGU, Inc.	Corporation		OR	2016-02-29	4230 SE KING ROAD	SUITE 189	MILWAUKIE	OR	97222	fuguoregon.com	GRIDSHARE LLC	0001665812	007-00018	
0001665160-17-000132	0			Storiad, Inc.	Corporation		CA	2010-03-13	961 E. California Blvd. #327		Pasadena	CA	91106	http://storiad.com	StartEngine Capital, LLC	0001665160	007-00007	
0001703784-17-000001	0			HEMP VOICE INC	Corporation		WA	2016-06-30	6611 N JEFFERSON ST		SPOKANE	WA	99208	http://hempvoicemagazine.com	GRIDSHARE LLC	0001665812	007-00018	
0001665160-17-000129	0			Next Future Transportation inc.	Corporation		DE	2015-02-27	246 Race Street		San Jose	CA	95126	http://www.next-future-mobility.com	StartEngine Capital, LLC	0001665160	007-00007	
0001704205-17-000002	0			Ideal Conceal, Inc.	Corporation		MN	2016-10-06	4300 SCHOOL BOULEVARD		MONTICELLO	MN	55362	www.idealconceal.com	truCrowd, Inc	0001667145	007-00015	
0001674439-17-000006	0		Extended campaign	NextRX Inc.	Corporation		NV	2015-09-01	8670 WEST CHEYENNE AVENUE	SUITE 120	LAS VEGAS	NV	89129	www.nextrx.net	truCrowd, Inc	0001667145	007-00015	
0001701417-17-000003	0		Refiling with the full set of disclosures.	Red Diamond Yoga 3500 LLC	Limited Liability Company		CA	2013-04-17	3500 OVERLAND AVE	SUITE 210	LOS ANGELES	CA	90034	https://www.reddiamondyoga.com/	NextSeed US LLC	0001667892	007-00023	283225
0001691477-17-000003	1		This Offering statement is being amended to change the offering minimum of $20,000 and Maximum to $100,000 in compliance with the requirement that offferings over $100,000 should included reviewed financial statements. There are no reviewed financials.	Cornerstone Kids, Inc.	Corporation		SC	2016-07-12	548 PINTAIL DR		AIKEN	SC	29803	www.aikencornerstonekids.com	Jumpstart Micro, Inc	0001664804	007-00008	
0001670254-17-000057	0			MySwimPro, Inc.	Corporation		DE	2015-03-23	301 East Liberty	Suite 701	Ann Arbor	MI	48104	http://myswimpro.com	Wefunder Portal LLC	0001670254	007-00033	283503
0001644600-17-000059	0			Flickswitch LLC	Limited Liability Company		PA	2011-01-01	957 FLEMINGTON ST.		PITTSBURGH	PA	15217	www.usetopscore.com	SI SECURITIES, LLC	0001603038	008-69440	000170937
0001644600-17-000056	0	$100,000 is our best estimate for the total amount of securities that will be sold.		GoFish Cam, Inc.	Corporation		DE	2015-11-02	4600 COMMANDERS POINT DRIVE		AUSTIN	TX	78734	www.gofishcam.com	SI SECURITIES, LLC	0001603038	008-69440	000170937
0001665160-17-000125	0			Buy Insta Slim, Inc.	Corporation		CA	2010-03-03	17662 Armstrong Ave.		Irvine	CA	92614	http://instaslim.com/	StartEngine Capital, LLC	0001665160	007-00007	
0001695260-17-000004	0			Claims Detectives, Inc.	Corporation		GA	2016-11-30	421 BLOOMBRIDGE WAY		MARIETTA	GA	30066	www.theclaimsdetectives.com	Jumpstart Micro, Inc	0001664804	007-00008	
0001695260-17-000003	0			Claims Detectives, Inc.														
0001669191-17-000040	0	End of offering		G WIZICON Technologies, Inc.	Corporation		MI	2012-02-23	26300 Telegraph Rd.	Suite 101	Southfield	MI	48033	gaprosystem.com	NetCapital Funding Portal Inc.	0001669191	007-00035	283596
0001703108-17-000006	0			Lab Cat Games LLC	Limited Liability Company		OR	2017-02-17	1854 KENT LANE		EUGENE	OR	97404	https://kitegame.wordpress.com/	MANORHAVEN CAPITAL LLC	0001058484	008-50911	000044965
0001691341-17-000006	0		Added 1 state to pg. 2 of the pdf	Damsel Productions LLC	Limited Liability Company		DE	2016-08-17	8 THE GREEN	SUITE B	DOVER	DE	19901	www.damselgame.net	MANORHAVEN CAPITAL LLC	0001058484	008-50911	000044965
0001680382-17-000004	0			PANEX KENZAM Ltd	Corporation		DE	2015-07-06	6600 PLEASANT PINES DR		RALEIGH	NC	27613	www.panexchange.com	StartEngine Capital LLC	0001665160	007-00007	282945
0001697680-17-000001	0			Biopropulsion, LLC	Limited Liability Company		OR	2017-01-31	PO BOX 14741		PORTLAND	OR	97293-0741	www.can-trade-secret.com	GRIDSHARE LLC	0001665812	007-00018	
0001670254-17-000056	0			MilTec Platform, Inc.	Corporation		GA	2014-06-05	3805 Crestwood Parkway	Suite 350	Duluth	GA	30096	http://www.vodi.io	Wefunder Portal LLC	0001670254	007-00033	283503
0001687688-17-000002	0			Your Active World Holdings, Inc.	Corporation		FL	2016-07-25	735 ISLAND ESTATES		CLEARWATER	FL	33767	http://www.youractiveworld.com/	Ksdaq Inc.	0001666102	007-00042	284278
0001665160-17-000122	0			That Christmas Movie LLC	Limited Liability Company		CA	2017-02-17	PO Box 50201		Studio City	CA	91614	http://www.thatchristmasmovie.com	StartEngine Capital, LLC	0001665160	007-00007	
0001665160-17-000119	0			xCraft Enterprises, Inc.	Corporation		DE	2014-09-23	313 E Sherman Ave		Coeur d'Alene	ID	83814	www.xcraft.io	StartEngine Capital, LLC	0001665160	007-00007	
0001703108-17-000005	0			Lab Cat Games LLC														
0001674199-17-000001	0			Palmia Corp	Corporation		CA	2012-06-14	3749 DIVISADERO STREET		SAN FRANCISCO	CA	94123	http://www.palmiabeer.com	Wefunder Portal LLC	0001670254	007-00033	283503
0001699583-17-000001	0			JPM Forex inc.	Corporation		WY	2016-02-02	5558 MAPLE LN.		MIDLOTHIAN	IL	60445	www.jpmforexinc.com	truCrowd, Inc	0001667145	007-00015	
0001670254-17-000054	0			BioClonetics Immunotherapeutics, Inc.	Corporation		TX	2009-12-24	1756 Bison Meadow Lane		Heath	TX	75032	http://www.bioclonetics.com	Wefunder Portal LLC	0001670254	007-00033	283503
0001665160-17-000115	0		"Changes to ""Officers and Directors"" in the Offering Memorandum, note also changed end date."	Jauvtis Engineering	Corporation		DE	2013-02-14	100 N Hill Dr #23		Brisbane	CA	94005	www.mondaymotorbikes.com	StartEngine Capital, LLC	0001665160	007-00007	
0001691341-17-000005	0		Corrected a typo on pg. 21 of pdf	Damsel Productions LLC	Limited Liability Company		DE	2016-08-17	8 THE GREEN	SUITE B	DOVER	DE	19901	www.damselgame.net	MANORHAVEN CAPITAL LLC	0001058484	008-50911	000044965
0001703108-17-000003	0		Fixed a typo on page 20 of the pdf formc	Lab Cat Games LLC	Limited Liability Company		OR	2017-02-17	1854 KENT LANE		EUGENE	OR	97404	https://kitegame.wordpress.com/	MANORHAVEN CAPITAL LLC	0001058484	008-50911	000044965
0001703108-17-000001	0			Lab Cat Games LLC	Limited Liability Company		OR	2017-02-17	1854 KENT LANE		EUGENE	OR	97404	https://kitegame.wordpress.com/	MANORHAVEN CAPITAL LLC	0001058484	008-50911	000044965
0001691341-17-000004	0		Added 4 states on pg. 2 of the pdf. Corrected a typo on pg. 21 of pdf	Damsel Productions LLC	Limited Liability Company		DE	2016-08-17	8 THE GREEN	SUITE B	DOVER	DE	19901	www.damselgame.net	MANORHAVEN CAPITAL LLC	0001058484	008-50911	000044965
0001676858-17-000003	1		Extending the deadline to reach the target offering amount and including 2016 financial statements reviewed by a public accountant.	Fizzics Group LLC	Limited Liability Company		DE	2014-07-07	1775 ROUTE 34	STE D14	FARMINGDALE	TX	07727	www.fizzics.com	First Democracy VC	0001683054	007-00076	285360
0001695260-17-000001	0			Claims Detectives, Inc.	Corporation		GA	2016-11-30	421 BLOOMBRIDGE WAY		MARIETTA	GA	30066	www.theclaimsdetectives.com	Jumpstart Micro, Inc	0001664804	007-00008	
0001701417-17-000001	0			Red Diamond Yoga 3500 LLC	Limited Liability Company		CA	2013-04-17	3500 OVERLAND AVE	SUITE 210	LOS ANGELES	CA	90034	https://www.reddiamondyoga.com/	NextSeed US LLC	0001667892	007-00023	283225
0001644600-17-000055	0		To correct typographical error.	CHRGR Inc.	Corporation		NY	2006-04-18	873 BROADWAY, SUITE 305		NEW YORK	NY	10003	www.chrgr.co	SI SECURITIES, LLC	0001603038	008-69440	000170937
0001701184-17-000003	0		Updated a typo in the disclosure statement.	Bat Country, LLC	Limited Liability Company		CA	2015-04-14	4071 WATERHOUSE RD		OAKLAND	CA	94602	https://www.oaklandrecclub.com/	NextSeed US LLC	0001667892	007-00023	283225
0001644600-17-000053	0			Laugh Radio	Corporation		DE	2016-01-27	8 10TH STREET	#3506	SAN FRANCISCO	CA	94103	www.laughradio.com	SI SECURITIES, LLC	0001603038	008-69440	000170937
0001699213-17-000001	0			Peli Peli Austin, LLC	Limited Liability Company		TX	2016-08-19	8560 KATY FREEWAY SUITE 200		HOUSTON	TX	77024	pelipeli.com	NextSeed US LLC	0001667892	007-00023	283225
0001702516-17-000002	0			Alula Hydronutrients, Inc.	Corporation		DE	2016-02-01	2132 Stockbridge Ave.		Woodside	CA	94062	www.alulahydro.com	SI Securities, LLC	0001603038	008-69440	170937
0001702939-17-000001	0			Ondello Inc.	Corporation		DE	2013-03-22	101 California Street	Suite 2710	San Francisco	CA	10022	https://www.hellomd.com/	SI Securities, LLC	0001603038	008-69440	170937
0001665160-17-000112	0			Niveau Brands Inc.	Corporation		NV	2015-07-14	2120 University Ave		Berkeley	CA	94704	www.drinksmartenergy.com	StartEngine Capital, LLC	0001665160	007-00007	
0001670254-17-000053	0		Move deadline date to Apr 14th. Include video transcripts.	Motoroso, Inc.	Corporation		DE	2013-08-01	1297 Manzanita Way		San Luis Obispo	CA	93401	http://www.motoroso.com	Wefunder Portal LLC	0001670254	007-00033	283503
0001702248-17-000002	0			Lab Sensor Solutions, Inc.	Corporation		DE	2014-03-31	648 El Camino Real	Suite C-P	Redwood City	CA	94063	https://lsstracks.com/	SI Securities, LLC	0001603038	008-69440	170937
0001670254-17-000050	0			Happy Tax Holding Corp	Corporation		DE	2017-02-23	919 NORTH MARKET STREET	SUITE 425	WILMINGTON	DE	19801	https://GetHappyTax.com	Wefunder Portal LLC	0001670254	007-00033	283503
0001687516-17-000001	0			Corsica Innovations Inc.	Corporation		DE	2015-03-20	1806 14th Street Rd		Greeley	CO	80631	www.getleaf.co	SI Securities, LLC	0001603038	008-69440	170937
0001702179-17-000001	0			Spiro Technologies, Inc.	Corporation		DE	2014-06-10	745 Atlantic Avenue		Boston	MA	02111	https://spiro.ai	SI Securities, LLC	0001603038	008-69440	170937
0001701184-17-000001	0			Bat Country, LLC	Limited Liability Company		CA	2015-04-14	4071 WATERHOUSE RD		OAKLAND	CA	94602	https://www.oaklandrecclub.com/	NextSeed US LLC	0001667892	007-00023	283225
0001684321-17-000003	0			Italian Cafe, LLC	Limited Liability Company		IL	2014-07-14	21020 N. RAND RD., STE. C-4		LAKE ZURICH	IL	60047	goitaliancafe.com				
0001644600-17-000050	0			ComHear, Inc.	Corporation		DE	2012-10-12	3020 Callan Rd.		San Diego	CA	92126	www.comhear.com	SI SECURITIES, LLC	0001603038	008-69440	000170937
0001684321-17-000002	0			Italian Cafe, LLC	Limited Liability Company		IL	2014-07-14	21020 N. RAND RD., STE. C-4		LAKE ZURICH	IL	60047	goitalliancafe.com				
0001644600-17-000046	0			CHRGR Inc.	Corporation		NY	2006-04-18	873 BROADWAY, SUITE 305		NEW YORK	NY	10003	www.chrgr.co	SI SECURITIES, LLC	0001603038	008-69440	000170937
0001644600-17-000044	0			DoggyChef Inc	Corporation		NY	2016-01-11	47 THAMES STREET	UNIT 106	BROOKLYN	NY	11237	www.doggychef.com	SI SECURITIES, LLC	0001603038	008-69440	000170937
0001665160-17-000109	0			SlideBelts Inc	Corporation		DE	2013-06-10	4818 Golden Foothill Pkwy	Unit 9	Sacramento	CA	95762	www.slidebelts.com	StartEngine Capital, LLC	0001665160	007-00007	
0001665160-17-000106	1		Issuer is extending the deadline of their offering and correcting incorrectly populated CIK and CCC codes.	ITFT, Inc.	Corporation		NC	2013-06-05	18400 Dembridge Drive		Davidson	NC	28036	http://itftsolutions.com/	StartEngine Capital, LLC	0001665160	007-00007	
0001665160-17-000104	0		Issuer is choosing to accept international investors and correct an incorrectly populated intermediary name	Zoi, INC	Corporation		DE	2017-01-06	611 N. Commonwealth Ave		Los Angeles	CA	90004	http://whatiszoi.com	StartEngine Capital, LLC	0001665160	007-00007	
0001644600-17-000040	0			NowRx, Inc.	Corporation		DE	2015-02-19	2224 OLD MIDDLEFIELD WAY, SUITE J		MOUNTAIN VIEW	NY	94043	www.nowrx.com	SI SECURITIES, LLC	0001603038	008-69440	000170937
0001644600-17-000037	0			Swiftmile, inc	Corporation		DE	2015-01-02	736 Laurelwood Dr.		SAN MATEO	CA	94403	www.swiftmile.com	SI SECURITIES, LLC	0001603038	008-69440	000170937
0001664957-17-000008	0	The Issuer raised approximately $250,000 during the offering period. Payments are still being processed; final number is yet to be determined.		Pearachute Inc.	Corporation		DE	2015-11-23	320 WEST OHIO STREET	SUITE 3W	CHICAGO	NY	60654	https://www.pearachutekids.com/	OpenDeal Inc.	0001672732	007-00046	283874
